pc1,pc2,cluster
-0.9934820612322416,0.9902269307512955,0
-1.7608877259702036,-0.5412643928038094,0
1.6662971549641807,-1.6946080287744334,1
-0.41502005315948565,-1.5266910043049335,1
0.3194078762942216,0.7583493044050718,1
-0.6330807275773,0.7307118231888777,0
0.861277954132954,0.5816052981045152,0
0.44771028150277575,-0.6141635265479448,1
1.1415820306486084,0.10957204883058526,1
-0.011459476042853736,1.3266606374523362,0
-0.8391236861147521,0.4194906920056231,0
-0.7736112020072604,-0.7048734339221262,0
0.1155654968088906,-0.8864809320107556,1
1.5917021375553082,0.7417010222381989,1
2.1113863528096948,-0.41797956358050203,1
-0.21086862272761897,-0.21780949694014806,1
0.8314333326941428,-1.958261189803587,1
-0.41413671883809716,-0.6171918971526762,0
0.23351016414770592,0.01866233517466818,0
1.0282492440385091,-1.3733086859263637,1
-0.35633855349911,-0.20739587361633263,1
0.8100119335886808,-0.5954270418350076,1
1.6410972650661562,-0.356538667532285,1
-0.21146530639533578,-0.5063582225433454,1
-0.6826658339464924,0.13119975546464277,0
2.090984394873766,0.30278471526199313,1
-1.4156815502987945,-1.0958296321934167,1
-0.7123737486255219,1.4553413699382425,0
0.517192808808132,1.6204366080018604,0
1.397651943271988,-2.3552937934496785,1
-0.9050239274489651,-0.3141986218978789,1
-1.4622694398366218,-0.48573635218086486,0
0.4109786192938487,-0.13168177621823168,1
1.422908489415769,-1.4282060012945748,1
0.4067721258520862,0.9496473833054326,0
-0.49704967569831665,-1.543390162256578,1
0.1114302261115092,-1.3990977997187002,1
-0.433928939553477,-0.4279968966779933,1
-1.6431010743718606,0.8841178487108532,0
0.7413743839989242,0.3074884670778846,1
-0.3858409546726777,0.5447219114127841,0
-1.0447612029832933,-1.193951314485477,1
0.6872718072953244,0.02632199080976029,1
1.5772240787880774,-0.5970390929136377,1
-0.6626377511853114,-1.5096935393298692,1
-1.2490995366931024,0.6626603767365988,0
0.16377590048853005,0.230453816976963,0
-0.5497995196952232,0.5769635290989487,0
1.2566107751583515,-1.9918242771478156,1
-1.3945216152487918,-0.2719800915607291,0
0.017228627451031545,-1.25604825780452,1
0.8916255962495757,-0.41767540882132537,1
-0.6293262411639874,-0.06995678268941363,0
-1.6176694724706067,-0.09204769259912092,0
1.0244434321282112,1.2188653745798372,1
-1.2902628388460575,1.43959729938792,0
2.1435463990603894,-0.3290461193196948,1
-0.39374996147435926,-0.3199162125646232,0
0.34670509355619755,1.1269699541084048,0
0.8230402970185309,1.6912447734973541,0
1.805006668961687,1.1750743044065146,0
-0.963990345745027,-0.7978767925242608,1
0.2242188866693262,-0.27290781066060504,1
-1.785493232883199,0.4835142698887213,0
-2.1166869821687784,-0.25908700651301564,0
1.164496692729884,-1.7214617544464532,1
-0.6738429544136783,-1.2052762845084755,1
0.8180326347255725,-0.10623126450114169,1
-0.444681553404121,1.3376929185796786,0
0.995592050283663,-0.9902664988655423,1
-0.5747614827480346,0.3576087547953648,0
-0.8769435571570984,-1.168619224277786,1
-0.8508118645898012,1.1951509755953358,0
0.18041073132208682,1.2567997784422797,0
0.8173349253794591,1.5076414584117963,0
-0.050755712705284825,0.8851523377487691,0
-0.726091936568327,0.9607665786050515,0
1.794136882125901,-1.0556635856119594,1
-1.9581309111362104,-0.12574323788131858,0
0.05688505812327773,-0.33330095295070095,1
-0.9256065416634098,-1.1500770735529415,1
-0.11101168580034386,-1.2422391374626014,1
0.6798964938054611,0.24556502414953116,0
0.0905657425357732,1.2416531377412123,0
0.09181498280670623,0.27425253850214837,0
0.09332357227056334,1.6656403887464888,0
0.07214641514770773,-0.17320015939383068,0
0.5031204912320488,1.55161404888806,0
1.5162436602067926,0.7633252615155245,1
-0.1095877949850044,1.5149425099309526,0
1.0906669017847161,1.3629616269959735,0
1.131153320356654,-1.3192645156988638,1
-1.0998618748178028,-1.153988754173723,1
0.2846206309192732,0.06408926496973993,1
-1.5248905831459907,1.1610781426783863,0
-0.7729677691174605,0.8865667991287112,0
0.44288864430318814,-1.3727647284177336,1
0.6027747778686287,-0.5587006404947202,1
0.7952698248056977,-0.4449857640582231,1
-1.2962634784910343,0.6958604457451403,0
1.136480517079383,0.838877403051502,1
-0.3806891789658713,-0.7652304941280532,0
-2.076077085611684,-0.39692739337803795,0
-0.5413120117648541,-0.6310275528112645,0
-0.028220479065602093,-1.5121614851226493,1
-2.0225499870981345,-0.6553331660363816,0
-0.7690154923943381,-0.8384731390988238,0
0.4666262266633813,-1.2459553378205264,1
0.13233004131493936,0.0327457825311012,1
1.4242906767595604,-1.9337200697233452,1
-1.3500934978314667,-0.655581515997947,0
0.501317153125491,1.1893980931733201,0
-1.1338260028017058,0.6192257808849729,0
2.0775588683383535,0.8013827183096047,1
-0.09770064084944749,-1.8052089475114654,1
1.4329818463973523,0.21481171713870137,1
-1.540074655303501,1.7552003718789326,0
-0.4653454949509022,1.2382563214901017,0
1.8144740435817146,0.19599151381271143,1
0.3005602551201019,0.6427615529784849,0
-0.9080977186704602,0.25731273102898145,0
0.39206058742623007,0.6220872232111743,0
0.3741331880317907,-1.520418581802614,1
-1.4246095846777969,-0.45824887910799744,0
-0.47614464787855415,0.019129044410114496,1
1.9440529871991925,-0.7204690744637495,1
0.43142630502607504,0.5935353487463477,1
0.03817063263214625,-0.8140512999789904,1
0.46079119482527026,1.554216746338352,0
0.8873578063429297,-1.024268654977869,1
-0.6664879207042719,0.7031585756376528,0
-1.3230908904587257,1.6305066009570768,0
0.7109516672168965,-0.7254070488507459,1
1.369203383567238,0.1552193551786924,1
0.2930051999826924,-1.6189408496491273,1
0.45897449570661114,0.6215428570989054,1
-1.073452600833769,0.03871285735932746,0
0.6905157977705355,1.3298286179208063,0
-1.3539030798501421,-0.12319448866428266,0
0.13193997532519353,-1.185979006317574,1
-0.3754922131780495,-1.2392030082633634,1
-0.5987109224706402,-1.2935002415446977,1
0.8617276199734034,1.4042603417667383,0
0.02632280015653624,1.5113695703323229,0
0.8923185610694314,0.33158072079082757,1
-0.3885939276361523,0.0650363683583733,1
1.0235171130968939,0.28177056902731457,1
0.7818344246264356,1.0617188729101366,0
0.22122445393708265,0.2977641692163091,1
0.5566324073675688,1.2253570101445896,0
-0.4203292817209867,0.9389395295031964,0
-0.28696886318235865,1.1237795129104564,0
-1.0207471879068009,-0.8382822932146304,1
-0.12847251363585005,0.34913789001103396,0
2.095931624828437,-0.31768152398020066,1
0.38685864732474967,0.8440129730344512,0
-1.0515254807042655,-0.2242035259692271,0
-1.7957287609822197,0.04114850009878265,0
0.5101579482556039,-0.7212574700355261,1
0.7193651374883236,1.676807849929656,0
0.32733155709190936,1.2860956020509389,0
-0.8545460988923187,-0.6566156164580618,1
-0.89434705090435,1.3597435602104928,0
-0.5553532487171945,2.038291724781328,0
1.9003159671325336,-0.6058458535693495,1
-0.8067998868221081,-0.1357552126644966,0
-0.45643425468510695,0.9640911298531867,0
-0.9196790064257718,0.2538132468813232,0
1.6183955839952804,0.6649204501003089,1
0.5389455613523709,-0.706226272597954,1
0.38650604770415614,-1.0219053530640754,1
-0.42507079043294377,-0.1256077711498913,1
1.0093306105913211,-1.1663555356100033,1
0.5466232500804148,0.36382499674003843,1
-0.23255432840117904,-1.1369180268582204,1
0.6212418426426086,1.446783736644029,0
1.3948018598091523,0.1536943772904688,1
-0.4308819917960637,1.2382292568552251,0
-0.27922581548413966,0.23910767425676224,1
0.9372095879669785,-1.113532791291305,1
-0.4119245615872773,-0.25967342264759297,0
1.16185293230583,-1.0588503271322014,1
1.70934387596788,-0.32889951109817467,1
-0.533077884145362,-0.27145741941980944,1
1.511962130665526,0.7321434434857762,1
-0.6452980858346404,1.3530122794975783,0
1.160194231139803,-0.01610468266546571,1
0.023735642369806322,1.3034475267304941,0
-2.0077961930272963,-0.0203268996372117,0
-0.2620845000225502,-0.04983478911308289,1
0.4395073077082807,-1.721007482659438,1
-0.5394624679981265,-0.4686251040370752,1
1.0248654020832149,1.7424348671126608,0
-1.738333686016073,0.08476431053014576,0
-2.459713447549663,-0.6903598829882296,0
-0.013277374714766074,1.2086773848871888,0
0.6708509956467388,-0.6856930066351746,1
0.0443859373906027,1.2731292145461022,0
1.112136081514011,-1.7122005208675546,1
-0.05358960103127963,0.46284482042604475,1
1.1494215849279363,0.314444493789479,1
0.32413875888334404,1.3265322801435862,0
1.4799182752902222,0.07387951657271899,1
0.396336959465859,1.251723856964899,0
0.26172549676094625,0.7112825480972252,0
0.5046922449208948,1.4039095886463882,0
1.1619601160414441,-0.9490918015980412,1
0.7915844303721872,0.35782396816738576,0
0.3814199150709188,0.7437521164959736,1
-0.26854837462699876,0.6327878612336881,0
-0.08026494510848063,-0.19020786305444418,0
0.4137297962594762,0.1394184609407364,1
0.2421643061114259,-0.05775491918779533,0
0.36907702186608327,0.20627679646671263,1
0.8120431380596412,0.08015475736310075,0
0.45042164757513764,1.5464487723378841,0
0.6662469430263963,1.490523423819727,0
-0.48780898032006403,0.07419762973678613,0
0.09622667362658859,-1.2961784119152353,1
-1.5898881968072829,-0.02378533310785742,0
0.3215863848677814,-2.020609036165455,1
-0.7141813301553379,1.7736517858741148,0
-0.16065107738333625,-1.314556951461587,1
0.5933703652421145,1.5713910722017572,0
0.11842800710433683,-1.4977685479251412,1
1.0827127508235008,-0.5047726673541681,1
0.20034946875149562,1.4079600656100324,0
-0.7011089788610438,-0.6371854030391468,0
-0.27178311333616084,2.061024674039045,0
0.02028797437487595,-1.533433938048256,1
-0.28564509637064356,-1.1709316532703884,1
-0.13266649790345983,-1.6524347492841989,1
1.1776856516929834,-0.3241728662509279,1
-1.5848934312388065,0.37730142891806745,0
-1.1790136865211462,0.262026103439762,0
-1.502790648077166,1.5414606215052047,0
1.092184432163946,0.656391766538027,1
-0.7934200285200594,0.6292465268609974,0
-1.1322786239514704,1.8953641090869606,0
-0.22540613351302724,0.32361637650699326,0
0.8277325634377762,-0.07146743645316825,1
-0.35882351660889106,-1.1975948883512693,1
-0.9186487333680473,0.8286865139518313,0
1.3598428900475334,-1.3242739687652372,1
-1.6304683360297594,1.5220332494815862,0
0.9147051584890409,0.5208946866632881,1
-1.1468760647290133,-0.2528079830140976,0
0.41288797378360914,-1.4696950915997335,1
0.03964422499465544,0.4890628526390143,1
0.03419688547796796,-1.5231972638013345,1
1.3293464841436542,0.6812721648245589,1
-0.6137806820563046,1.7488010280143038,0
-1.0097709189501636,-0.060691923221640444,0
-0.6890190159501688,0.4805724802752172,0
-0.19423816279030698,-0.33083152570738256,0
-1.1189841358535932,1.707303137525943,0
1.7425337955296072,0.23256145538675266,1
-0.5420015546547867,1.3298524478393423,0
-0.5383765524406128,0.19996438029351146,0
-0.2583519759527973,-1.6166362108901384,1
0.12466432905516533,0.650459357793402,0
-0.8937154407337142,-1.1930947723639307,1
-0.34293902878745114,-0.562647616162375,1
0.0010105223351913454,-1.205047659215302,1
1.023028658488951,1.1663882756575445,0
0.3478946385663268,1.2293383804811502,0
-0.5912091893831741,-1.6129563864589764,1
-0.35566173235558124,1.0098929927619276,0
0.2723273524441865,-0.5227050906856318,1
-0.7584542415101998,2.23270183229276,0
1.1468241667813157,0.7955571470353897,0
1.2813308926387115,-0.13697868034708338,1
-1.1017225346838961,1.3449242673978525,0
-1.3149431771800275,0.8919383305180006,0
-0.7018990866865609,-1.55904148035001,1
-0.6895533769462728,0.2613333206115334,0
0.5871538583178348,1.2875019462453714,0
0.9904254807451702,-2.3058765644676806,1
-1.1087004573538417,0.06518538201994678,0
0.7795237028577671,1.0985450485214718,0
-0.3022788735855062,0.0392594255676809,0
0.44130673523901814,0.2570478423505855,1
-1.5706591755841797,0.1438950019859517,0
-0.339342812736318,-1.3624515843898506,1
-0.7658467981687926,1.4524019412350746,0
-1.529003731526644,0.7756627582823641,0
0.6523968704546325,-0.36495600629134006,1
-1.7666682619607974,0.6351669248921176,0
2.0525697040511135,-0.3824559640168728,1
1.5344956053597443,0.4595135052441468,1
-1.0958798160551841,0.7011438136892995,0
1.1795477458444474,-0.547168069019237,1
-0.5142933045007209,-1.5938654237485634,1
0.4043255716113328,0.6538232879995058,0
-0.10264349911384943,0.9125322588156537,0
0.013156254071494192,0.6697375046997401,0
-0.8599348371085686,-0.28951758363847674,0
-0.3039319568210264,0.5397085287326975,1
0.45382809951251996,-1.617965818542137,1
1.244812497632711,0.7195390279286189,1
-1.4468805471262136,-0.7542748105306453,0
-1.502436856893985,0.2571835529913981,0
1.8718789290615754,0.93422786540997,1
0.44338375900213534,-1.1953307315313628,1
1.1619737002821269,1.0386647547091317,0
-0.18059962064811297,0.2145083767102136,0
-1.0196395245614314,0.0872531634178848,0
-2.027311171382255,-0.383722567607186,0
-0.7332513677567721,-0.902379564418108,1
1.389209897233115,-2.260185487323163,1
-0.2855918721898815,0.43546924284933314,0
-0.46537921197053717,2.011029971541446,0
0.8418300825316808,-0.6007107756891548,1
-1.1251236269963285,-0.8712859720546291,1
-0.6376021622563139,-1.4776430976696084,1
-0.0230427348063856,1.328215693028183,0
-1.2701272830153734,-0.6884290025317087,0
0.6891658715525082,0.2091882633759685,1
1.028182295516042,-0.2949683052275396,1
0.24342985963060731,1.141750400931517,0
-0.16463513958041662,-0.11242484361721874,0
-0.3066542033656162,0.19280285539470557,0
1.4651850498934287,0.29642606871761273,1
2.216131645902161,0.3879679558037189,1
0.9459227602716899,-0.18211809275776578,1
-0.02187962086222915,-0.7853042676655485,1
-1.1096889795755405,-0.9961913476396506,0
0.380002891874578,0.511400569209267,1
-0.24017196853282136,-1.6969191045367642,1
1.610307861695581,-0.4503187588352154,1
-1.5576721400544338,1.1809073145209485,0
-0.333977753503509,-1.3716016521450736,1
-1.7815170981183746,0.005654699653435234,0
1.1390223293454775,0.5142518383932801,1
-0.13375687611371864,-1.0398631902621331,1
-0.4755816244357744,1.2825005545835007,0
0.7838852816893207,0.443330004720699,1
-0.47065114836869154,-0.8933133262800613,1
-0.5676860837603769,-0.21040796326713543,0
-2.472005608824284,0.20788985409888094,0
-0.7335066958238701,2.0135762106093553,0
0.10019508424834038,-1.444263332739897,1
0.808159281097127,-2.0210281580896976,1
-2.118411054225922,0.6534413652187158,0
0.15371537027223903,0.7028807544836466,0
-0.4360373921853416,-0.07066310312373648,1
-0.8422038521694776,-1.6528604988333617,1
0.4605214329568901,0.8428055092330261,0
-0.7736653724527138,0.12634783012902626,0
-0.49275111822551104,0.24138177645839226,0
-0.7488019430133983,0.5063162685422467,0
0.5143430049491104,1.7066701524183874,0
0.5420280947394693,-2.2316823517857722,1
0.10574651007415004,-0.13580520957274556,1
0.06561593044288029,-0.32759859487353177,1
-0.2552513866117551,-0.2588483733685843,1
-1.351814937698249,0.09014841440711108,0
0.993560815121443,1.1898258994190225,0
-2.1449866471308,-0.745960925590979,0
-0.29279838166070915,0.3612606089708468,0
2.171038548908164,0.17071407287761084,1
0.302705220992029,0.756969220676248,1
-1.9727251796073118,-0.8292451163300609,0
-0.09859689670731658,0.837910868700723,0
-2.1036387057383474,-0.40706857494192966,0
-0.730776714505615,1.24024719042368,0
-0.05975226389078648,0.8632886861126654,1
-1.0413322070740016,-0.09801331958614104,0
-0.5365943510359572,-0.4855977382268485,0
0.5212842339036415,-0.47303034286500334,1
1.135973264116898,-0.6377449016646874,1
0.16606618711117016,-0.39347588444724013,1
-1.5993765784757032,-0.8247997036532528,0
0.3743143552672904,0.867924775156669,0
-1.0690617761651462,-0.1998430479410547,0
-1.2427107964956698,-0.5023230036915959,0
0.06812050429316227,0.49783128573310526,1
-0.04134417255008298,-0.17461597836586207,1
0.8311863873889447,1.464183681774707,0
-0.6757034588663359,0.5077102427028891,0
2.006713249276141,0.7646124878418316,1
0.0932810029468123,-0.6327809028221657,1
0.30215468021384695,-0.08482716857845658,1
-0.49925156633810625,-0.5142519544454672,1
-0.2271467615985294,1.519716892496984,0
-0.9632150492622827,-0.6090180921836755,1
1.7882934430445714,-0.4170437828860815,1
1.9848517649751727,0.6863865465631135,1
-0.7405985093938654,0.07814542442781679,0
-0.632723381199627,-0.5037500364916871,0
0.5737786815283459,-2.154989772744979,1
0.5106641581420672,-0.5244568616967744,1
-1.1113443553586224,-0.732231522418104,1
-0.8151595851408883,-0.3749383747404048,0
1.1860333863728458,0.11236131331013868,1
0.11058837521305578,0.27296971144365423,1
1.6622317985923092,-0.7418100633236003,1
1.2539996171893195,-1.1013190722221693,1
0.8007554591987003,0.20900596650430198,1
-1.8814825946222475,1.1815002687424239,0
-0.6717695003040864,-1.1046908528345343,1
-1.6906368840278747,-1.1210408902869864,1
2.13868679310019,0.5635085055752962,1
0.33225700882837866,0.6527218562341066,0
0.2776933974167556,-1.1482405660982973,1
-1.2041367570063874,-0.5421817680257744,0
-1.4204936513768962,0.4597539212892349,0
0.03391333288520266,-0.06880948260526952,0
-0.6724977436511241,-0.8423196974437432,1
-1.2141704086376666,-0.7771881382756383,0
-0.40528594346039465,-0.8571982744699557,1
-0.44971354983984324,0.4710696184355711,0
-0.27389535022277123,0.5204107814486295,0
-1.4499186414546632,-0.338411309496729,0
-0.2903859567042369,1.6571022847352022,0
0.6523271456886659,1.3785901801629548,0
-0.4618307016153659,-1.073826705379455,1
0.014708548759834112,0.6516414204205063,0
-0.5788816891707188,1.563319454269992,0
-0.6604404671377576,1.254296184097083,0
-0.33352333549702035,-1.3292733770119947,1
0.8690401449938235,0.11680779514806433,1
0.38968988367745466,0.6459213499009749,0
0.22963780383872326,-0.5612202554199331,1
1.0058522948306234,-1.1142748307524222,1
0.9698326174449752,1.519832830611949,0
-0.046775136634272026,-1.7053773232129206,1
-1.4182487413704585,-0.14594315869651311,0
-1.5409994548240848,0.3489499274365642,0
-1.2559017402295527,0.6921752426749379,0
1.1779797506149123,-1.1495839510951062,1
1.1575685334128816,0.6445195678085007,0
-1.9738637419141576,0.14557050015362927,0
-1.1104493795539274,1.0296527823200385,0
1.8423629381861544,-0.0996137839667428,1
-0.12236423632197248,-0.7224725554070455,0
0.8006144073131881,1.0323034961107038,1
-0.20831194355521107,-0.8653723127750947,1
-0.9480972364122288,-0.8728905930339308,1
-0.7324469449206914,1.6242613677456097,0
0.4144629788438832,0.28200363773422343,1
0.7071800066967865,1.0284561489343995,0
-0.3462856316491051,-0.1923063584995212,0
-0.06758881227128682,-0.769731284896179,1
1.7238364324965156,-1.1450085597671154,1
0.3724753517281715,-0.6665265133235748,1
0.270919862524135,-1.2055326008228786,1
2.364926272447185,0.169697915503787,1
-1.5465539200629317,1.9901298682555832,0
-0.3010201797652785,-0.011761587636509207,0
1.3398872198815,0.73587245905974,1
2.122789958704546,-0.8396989996780573,1
1.1255725116888327,0.27236918853683434,1
-1.5988697243499845,1.1734231987295078,0
0.5877566752379354,1.4307179356022066,0
0.8719981161632105,-0.41149193195382616,1
-0.4591909376832535,-0.9432329416152339,0
-0.44357482008386223,-0.24770939646277423,1
0.5031317790708477,0.194213400663015,0
-1.115303481576338,1.5265954885691566,0
1.4727068892437658,-0.7003621676400592,1
-1.883053720124019,-0.992593936685745,0
2.2721416588467105,0.6679812703514666,1
-0.42452034372307873,1.6149503598483321,0
0.7480457682022322,0.47789553892964,1
0.9059655957190812,0.8381038518552595,0
0.04894668830560718,0.7642774255322198,0
0.3715118049031097,-1.4375465839790493,1
-1.5776660636357893,-0.5988744557591646,0
0.40538428941863186,0.8893450839449144,1
0.5029868080269851,0.4819991279329777,1
-0.9695612504016878,-1.3976914162054639,1
0.35637795466273425,1.3268998742820828,0
1.4347463620112977,-2.337813575620447,1
-1.1603972689861686,-0.9445841427487031,1
-1.1136968189026333,0.45503912249033035,0
1.1392503115820942,-1.943852429768374,1
1.3542525676739579,-1.6878643425155524,1
-0.5191922312828064,0.01270392298027138,1
0.6866894741892986,1.6297629241527631,0
0.4512473169613243,1.7688095455876627,0
0.26328137983127403,-0.5002291550408914,1
-0.7681277808768202,-0.389819469497891,0
0.3338776780680737,0.7357639209462526,1
-1.3854754999827368,1.6293819176365842,0
0.3529469880048052,0.3687987124928032,1
-1.5164273074993448,-0.4762788579668874,0
0.12497710429080514,-1.2239721273736464,1
0.10854083303445691,-0.7775300116170297,1
0.7592061039345193,0.5438667761589036,1
0.2744065401266321,1.008966439646208,0
0.40699426347643597,0.2480238577298501,1
-1.5386213563334081,1.050819997125505,0
1.008528804252358,0.282500227661949,1
2.037961839395485,0.35125870146480564,1
1.6518693011171723,-1.37021161472033,1
-0.8777228081755383,1.066810401780001,0
-1.4589841352536477,0.3958603610009604,0
-0.47975965707886337,-1.1108844979471182,1
-0.4104929012941766,1.0830015225838048,0
0.1845755125369339,1.3547933236618503,0
0.8312465944006655,-1.9382825949672062,1
-0.4444138689922289,-1.3992662052888896,1
-1.3035336604751264,-0.945606638839763,1
-1.5160845562428944,0.3671650395514014,0
-1.6317726537576083,-0.6735710621189994,0
0.48701021914363396,0.05138505610220437,0
0.17010154949053302,-0.5398678144560647,1
-1.087039388369631,-0.48680425468107624,1
0.6473392893550471,1.7817559407523917,0
-1.6409490444969426,-1.2878431388269782,1
0.8704626562978891,-2.0326443547787085,1
-0.5910060634936893,-1.2441279601688962,1
1.2162972716698968,-1.7133599709600618,1
0.8703041696121273,-0.6108014572985071,1
1.4501274118783276,-0.42813396691197303,1
-0.6418844555940781,-1.792106953625924,1
-0.19172802381828474,1.3335312748218662,0
0.8090239877824107,1.3622369494729494,0
-0.09817702203915807,1.1463821431178707,0
0.18851191419366306,-0.7646455870896548,1
0.9108793417461919,0.14181925936176443,1
-1.6464508653063963,-0.5619557480183671,0
1.0577437288385962,-0.8582230916350683,1
0.21308651252016753,1.116571111641955,0
0.4761885039552065,1.8133643704981808,0
-0.29824819502550026,0.6186569781129465,0
-0.7978000588927894,0.37337072484269673,0
0.9843411517719569,-0.13253450625716748,1
1.7237699459363625,-1.6142038339570244,1
-0.7138684634759231,-1.2410594154229262,1
1.761843757320763,0.9534425142481426,1
1.9363453085529563,-0.20126731421317332,1
-2.050268964863907,-0.07008015194867681,0
-0.5708064837191904,-0.46309782590723547,1
0.3659135138309504,1.1641568235241653,0
0.7038764907480424,1.1735479548853303,0
1.6894607566133328,0.1922286361164428,1
1.3489857080025403,-0.39333314622229193,1
0.10461334470313566,0.13892516368523347,0
1.0614682467578103,-0.13543477576767068,1
1.97572134524084,0.09714544600158334,1
-0.2950715687808844,1.2152902496516331,0
1.479938148398439,1.1982103806802815,0
-1.3938620541547075,-1.2043276129441376,1
0.1597105213076847,-0.04530647547696497,1
0.45777584109976166,-0.4521102950904356,1
-0.2206027788585165,1.2016310260587737,0
-1.189316253729295,-0.10945716459258113,0
0.5416650525772342,0.4678956167122613,1
0.8555934006347823,-1.5242226302915363,1
0.16636219137912003,1.2503951994210925,0
-1.8962827776667992,-0.268536078526779,0
-0.06713939081344643,0.7449425485046725,0
0.3799072621922218,1.6132261883353023,0
-1.535353177883285,0.7721271169357753,0
1.3535037489407868,-0.39246062017619354,1
0.7686632740824861,-0.29111704551002965,1
-0.17200173991214843,2.045893822515859,0
0.28236464731481586,1.5308592032737114,0
0.757335590026434,-1.355641406157502,1
-2.3175066327286338,-0.14606554482039102,0
-0.059186527178143836,1.4205076861058012,0
2.0117673781103034,-0.2726260948692497,1
2.0350208775770846,-0.26824829243024184,1
1.3591104431180268,0.8045258259296624,0
-1.1070964048882164,0.6068663897959986,0
-1.9710342344561078,0.6803490948945925,0
1.2925939968457394,0.39663658968509835,1
-1.386375003303151,2.174946055860254,0
-0.9014158662113879,-0.8859936376748339,1
1.0960913816386708,-2.0935476147402445,1
2.2519802103065825,0.48786867209419565,1
-1.8850762468514919,0.7692341916007099,0
0.6066598932365572,-0.5517420967880567,1
1.3274692807963973,0.9911659630427271,0
-0.7308598709727251,0.6934515605782668,0
-0.7878961659713271,-1.4212414428976436,1
0.10029667093551996,-0.27867427382088306,1
-1.7089956727319855,-0.7549849852435269,1
1.2512316521651894,1.011785987959002,0
-1.0177033294981572,0.6121147736965357,0
1.1281922762731307,0.38322466671591354,1
0.865638956230896,-0.5323256520492075,1
1.2108093058283351,-1.9556961609751626,1
1.0964687207772437,1.1934953945786728,0
0.6420052790879287,1.711245862648486,0
1.5423265126596464,0.27468493298003105,1
2.4197999323628463,0.4112571451121098,1
0.35191896092702357,1.1816559665743924,0
-0.21921810626805327,0.1506275743502552,0
-1.2750160339043295,2.074566479894613,0
0.9103961301420722,-2.0415891814709792,1
0.6952541546359315,-1.0433252793811683,1
-1.2538883590788297,-1.1491119760943762,1
-0.8274121532742058,0.5326966851453536,0
0.8992520116445356,1.3753789293444045,0
-0.47930855303235365,-1.7238259441228727,1
1.5278133889392322,-0.6833005179684654,1
0.5978327443280724,-0.397220412571804,1
0.26714680602412955,1.2863329195232949,0
0.9897490874654779,1.3036623630496864,0
0.49717592555302964,-0.7722465572001788,1
1.2168402611413658,0.9699527597754962,0
0.6658372158374318,-0.5854601522310784,1
-0.20133540598456343,-0.5694081548085227,1
-1.7505193429952992,0.4008390511626686,0
-1.035555221217293,1.569187100021308,0
0.24218960991572233,-1.4347553283121248,1
-1.5248832062469124,0.846955657444039,0
0.18891858769407452,-1.545962583977764,1
-0.46399480135959154,-0.048627396800799236,0
0.042149878720658014,-1.2056408150254605,1
0.613360477152139,-1.1041031396794594,1
-1.3181463811293368,0.5560797039729792,0
-0.31642525279535694,-1.3000244382197121,1
-0.9136116101642517,-0.942817427658576,1
0.49906129490852225,0.6769984528674309,1
0.43835129643293536,-0.0687800808869502,1
0.4986869511087896,0.9345423971412261,1
-0.5854017528690005,-0.7849717458522538,1
-0.6964713482648562,0.4755030032195655,0
1.407016413694767,-1.082004669969359,1
0.7879640249694231,1.475800076165481,0
-1.136935881356084,-0.054436640747307474,0
-1.8169897626735498,-0.9133859680006263,0
0.17089063631165388,-1.4541979880745441,1
-0.07294472960127238,-1.186568490584322,1
0.9693258244037144,-0.22879964397968444,1
-0.4702331778597009,-1.228949530273022,0
1.4389925599494506,-1.1734625437045583,1
-0.7131877626152974,-0.9294124401598313,1
-0.8095197807734855,-1.4459155947473141,1
-0.2820440320228371,-0.10696570031802018,1
-0.03352194634416159,0.5107756136337138,1
0.3961835112391062,-1.7264792932860573,1
-0.7867538490703564,0.8823327028572509,0
0.21688606566614993,-0.07584628542883885,1
-1.2788446389434933,-0.9087242822214434,1
-0.6137434656473331,-1.017418782703097,1
-0.9606943094779684,1.5152863703785393,0
1.8072716114657392,0.8494616079600432,1
-0.2626272033684087,-0.014604396041626439,0
-0.9469528709770583,-0.3419813320509629,0
-0.4497331105302997,-0.8484079412033051,1
-0.6545461442339408,1.1857400607393633,0
-0.045619222820803905,-0.5054126384278562,1
0.10510925243025548,-1.602676200758931,1
-0.28484954417797703,1.5177621530795244,0
-1.2233715379353451,0.3367813033824406,0
0.9923412456698515,0.12337737706777949,1
-0.1339095414870426,2.096167083745635,0
0.12357024070847034,1.7093733482819184,0
-0.7965371289522094,-1.4352425795686838,1
0.5634938388514252,-0.2450154058993483,1
0.009143091634178077,1.2532951335248936,0
-0.5966415525603295,0.015547235262262775,0
1.9755683497680199,0.16619583584892939,1
1.6289826006446457,-0.19560910996362907,1
0.3643935545556427,-1.0537944198336726,1
-1.3892869489022543,2.183635985114064,0
0.5839141560704425,1.1728445088259292,0
1.4286751647355804,0.526186253336944,1
-0.5720261667005426,1.4773885405340745,0
-0.3061684952032594,-0.5226745235718325,0
1.2045865113846828,0.2403905548387947,1
0.15944095393829616,-1.4145306325554674,1
1.0429299911494705,-1.427522889455099,1
-0.41098058332334364,0.6560834138351882,0
-0.8844850838390618,1.6417388976453284,0
-0.9289049781893376,-0.9349093141164639,1
1.1198195219280203,-0.11779751163302254,1
-0.5741846214392736,0.6207831721357497,0
-0.19453541815480305,-0.7599905633583155,1
-1.5563743983966747,-1.0806845265310965,1
-1.3990584547281932,-0.7623975798351529,0
-0.3856559588939589,-0.1830143520784843,1
-0.8350304575604651,-1.158847879843605,1
0.19900585175592114,-0.708000902256641,1
1.0571226932496796,0.4455284259042463,1
-0.24976014159579868,-0.2208430595210239,0
1.779943971742133,0.7501486320661639,1
-1.88952460960527,0.10074032429589713,0
0.7352920618262232,1.474884922609466,0
0.08460199782822553,-1.5125994278917518,1
-0.5100758019951755,-0.5236997324390527,1
-1.254124599631889,-1.2895733640218099,1
-0.3581846266668873,-0.17744292832344746,1
0.914861902320604,1.1579441021972525,0
0.7618439978735478,0.68789501278551,0
-0.9494562006826083,-0.7216492740264787,0
-0.9030956417614129,-0.16672451599992066,0
-0.2828386735990864,1.2409884376302738,0
0.1427776427569951,0.8657985764230619,1
0.563660186453964,1.622011671293938,0
-0.5707863283359943,-0.4252891039933383,1
0.345310704314089,-0.41594233124876606,1
0.9525012813706182,0.06377731103996033,1
1.846694932418541,-0.13519845836335248,1
1.0208548075642945,-0.8388385677984685,1
-0.3710310739631049,1.4820143291940007,0
-0.8013872166781207,-0.4626322390130669,0
-1.7461924047860227,-0.8161119700295499,0
0.49245264400271294,1.0820969877845072,0
-1.3744230060580773,1.1631120515785578,0
0.6289576872559292,-2.2457937625386455,1
-0.5227751134220928,0.5272698229597583,1
-0.26261833332688317,-1.1016990594774434,1
1.6760557375153693,0.35077104509931906,1
0.9048834452764147,0.37443647031862193,1
-1.207003475393298,-1.3194230313881798,1
-0.9452523896006159,-1.2194705770798833,1
-0.4570005513641527,-0.48437403951768404,0
-0.10522468315628622,1.6834070336490428,0
1.7174430286652622,0.7528157041630386,1
1.2978408670707569,0.7089587824615798,0
-0.7256965240605928,-1.0277755386080114,1
0.8008553721754395,-1.2518081031432444,1
1.0545426836735636,0.9069849652506669,0
-2.0799361097386995,-0.09708503110469002,0
1.9118652487746468,0.4644435919312641,1
-1.3514603085432308,2.4484345962177563,0
-0.8657936437877822,0.966713207604097,0
-0.4059191781916018,-0.015290584378560644,1
0.8766623818044093,0.875869494683846,0
-1.3282260083773485,-0.852794645342409,0
1.1940202271300533,-0.3728142267446942,1
-0.17716486932089204,-0.7459259806208351,1
-0.8954455260454943,0.297746155435647,0
-0.005760073346215753,-0.11001263362998341,0
1.0675399188048806,-0.8073032530845794,1
0.7926570251817713,-2.220950101880185,1
-1.2764149926286774,0.4178018320206927,0
-0.2661695341378996,0.5191602822921101,1
-0.2305971641962979,-1.3639455083306384,1
1.176202418426214,-0.7854645205855989,1
0.23335781533188907,0.7470960976963753,0
1.0854114248414128,0.44930707215270344,1
0.5955912533988913,1.1610420874940834,1
-1.7846344427643006,-0.6279382259156082,0
-0.9057187803592951,1.1393716169977974,0
0.4531937567221422,-1.2800064819381907,1
-1.4740682373529543,-1.0461434269597336,1
-1.5918352681166903,-0.4613503714830799,0
-0.43713471760217565,0.03275770872159748,1
1.8735342420394143,0.3407119848602912,1
-0.3604670068072419,1.4134112881978076,0
-0.008347633009760163,-1.555226255296338,1
0.48408578830489335,0.14700044801971404,1
0.2477771626000397,1.1887682438418576,0
-0.63154744772845,0.9651718279726605,0
1.8585663815464606,-0.8224475126942168,1
-0.9393424197573076,0.41392153726359554,0
-0.3389614566186209,0.20902769175839875,0
-0.7516984326263195,2.063579361570578,0
1.0486080585808981,-0.2774130675284412,1
1.4995964530847035,0.39284806097556546,1
1.3958937276964833,1.0469820721611436,1
-1.338035745373865,1.2370731802959072,0
-0.4059648669112136,-1.396454462689256,1
0.5276353765374263,-2.1718412720640954,1
-0.1882908585785409,1.545921709124322,0
-0.44785156121710906,-0.8161184259887131,1
-0.2710621348657082,-0.7044877511309116,0
0.2505707184937681,-0.25550034264070604,1
-1.213507194590009,1.5329961521564022,0
-0.3262647238591652,1.4469613675676567,0
0.01610433330065414,-0.407430786127603,1
0.41811912962081277,0.2256745886539737,1
0.5728633038895569,1.1063284933717557,0
-0.32636088997140306,1.3461920049074387,0
0.17471418782258474,-1.5614324448586658,1
-0.5546287944209961,0.20338406409581553,0
-1.0845579452618557,-0.1409750079721912,0
0.694983885359294,-0.5209164082121683,1
0.39399727306932425,-0.35834856686663935,1
0.8603882609032725,-1.3739340208962738,1
-1.2902020504818081,-1.0036551311133484,1
0.776656095045194,0.23915492589023218,1
-0.10028480238513322,-1.3027286390987622,1
-0.6364585518366207,-1.4563424724754754,1
-0.6565618444645458,-0.4391367577506713,0
0.35566867940033964,-0.8949293404185503,1
-0.2130672224672206,1.2828905708145437,0
0.7782277596536168,1.5069728863058323,0
0.30331702487319584,-1.528723535079368,1
-0.6342462697141101,1.6139100926757548,0
1.418840605276674,1.0969495540835923,0
-1.220596255244389,-0.5761619432537265,0
-0.6530181469356281,0.8049000805333847,0
0.16508674512988292,1.0462521971703755,0
0.4953961051953669,0.90216492077772,1
1.2347922717409545,1.0189165342943223,0
1.428716222116134,-1.4331308451624452,1
1.764739857377104,0.3469518402005924,1
-0.7746568698220145,-0.59103800641495,1
0.3122651381632127,-0.9531890362643994,1
-2.1918061566274933,0.31194837056605446,0
-0.27936266949338284,1.0445750178608453,0
-0.06630178013519895,0.20345939701123394,1
-1.5005130172775483,-0.7902858021281317,1
0.5310990274963339,0.6764152893634632,1
0.35020450864052255,0.7617275745309738,0
-1.4157212043022636,0.5903578494019489,0
0.5336879652169038,1.0430260844700743,1
-0.1539298980377525,-0.4140368947576269,1
1.0419367092641258,0.9307785327862769,1
-1.382252731245514,0.239784399238043,0
1.1793933377588144,0.7665730546687535,1
0.9002453661718232,-1.1272437759190466,1
0.46095765250452764,-1.3854456333921057,1
0.9438078154356748,-0.03957427524743745,1
0.8561894944481189,0.4980450124083783,1
-1.1334726711332266,-0.1764558520501695,1
0.01866203187685811,-0.20603050741259124,0
0.690492805405508,-1.6913677179175932,1
-0.4078661855614783,-1.6097956544681753,1
1.664560544613877,-0.7773922481655259,1
-0.9338144963433945,-0.5516468201077578,1
0.9197387151261945,0.11554730524212743,1
1.3900952496773955,-1.4072543457595226,1
-0.9708846593991614,-1.5099281465280994,1
-0.41266135966231793,-0.40598827560971634,1
0.7655539367215396,1.5597621717866543,0
0.546719020318716,-1.7295169609431102,1
0.14246140149777076,-1.1313423556627116,1
-0.7626578397814469,1.2327667525903179,0
0.9050378848414592,0.5891856662995938,0
0.13477167843812246,0.25693937147548623,0
0.2516518603747506,0.47836126865714307,0
0.514393009529122,-1.9836820730763112,1
-1.0646840126386374,0.3160413151463811,0
-0.8341029930478386,0.003260292910752763,0
-0.9607267612660516,-1.594116369438078,1
-1.4310999623371572,-0.9686380583118238,1
-0.6805328142723506,-0.2351386175954283,0
0.7257789873925631,0.1304611343342641,1
-1.2017899232468712,1.3338517624028328,0
1.4524254170877375,-0.4785182685337179,1
-1.2635048145034573,0.147502103843952,0
-0.8488214028247991,-0.426137152962683,1
-0.23679591856090318,1.822775880900766,0
-1.6815992393216876,1.3209347845130146,0
-0.29057064779408,0.16368616268411548,1
1.9682002094060553,-0.054811927192477225,1
0.26470638065803875,-0.6969787970775972,1
-0.1013882866547853,-1.331219187970247,1
0.27561083074711057,0.9649569099371125,0
-1.3404602549727065,0.32965180731547356,0
-0.48400540295013406,0.4100325708726557,0
0.2432067966200805,0.8844766470199714,0
-0.5332040530774688,-1.8587179119042503,1
-0.6845237782099252,-0.12591191076875782,0
-1.767986855995677,-0.8447757545415059,0
0.0812871057869781,0.42235810042549166,0
-0.19565016297791366,1.649208833314347,0
-0.9629303722524422,0.9457922198472299,0
0.9213089199143746,0.03597358053470207,1
1.918566052525726,0.022766298945312232,1
0.13671517925995727,0.7133800345468521,0
0.2987256067263041,-0.4402899732502607,1
-0.01940338706880324,-1.1037491365445573,1
-0.7779661737287272,-0.40289176386332537,0
-0.824467657221855,0.9736326875054476,0
0.40650356718130565,-1.0687483651073748,1
-0.12961665609654524,-0.9509080673148661,1
-1.3216508538134522,1.9169166980210723,0
0.5619382340349834,-1.8671901200841414,1
0.3305717441675868,-1.2528222415631463,1
-1.169359491802445,2.1678557880610514,0
2.505335172752967,0.12831610685083586,1
0.10197532474274061,-0.7805064021648346,1
0.15435954678271652,0.2273057655094299,0
1.4512802960803781,-1.751379862979755,1
0.09561382774281062,-1.366570894558902,1
-0.7888526240214631,-1.9228463270873934,1
0.9476532117442399,0.9490727186453569,1
1.6778989556494055,-0.2895263408338106,1
1.4229775368294735,-0.4890896165159655,1
1.529287374084457,1.1358576434607128,0
0.347741911898025,1.4023762679452751,0
-1.0148263743761234,-0.796424049552804,1
-1.3396473350064557,0.6455424539978692,0
0.24914296325352797,-1.4336543035883758,1
-0.09249387445116915,-0.2137416583602676,0
0.4361103843113606,-0.06762350334615568,0
0.23359802098739693,0.6194404758088121,0
0.37161749510123077,1.127028746582197,0
-0.4475207990187439,1.0145901608737395,0
0.020485400235319053,1.0358511777207722,0
1.1985631826040786,1.4897599191356554,0
1.4490294690313614,-0.848732525486662,1
1.1469577237294573,-2.215382669922749,1
0.09350956351536222,-0.6720735791416622,1
-0.22646607872590035,-1.3917956196472632,1
-1.3081075843967114,-0.998762908774955,1
1.0082260700593262,0.6423201127296693,1
0.8044722630923884,-1.8460038984499447,1
-1.655067078659488,-1.2534533361273157,1
1.7432200941986353,0.5323105990893241,1
1.4524659025375137,-0.665678826012181,1
0.0892059845407413,1.2764444315234553,0
0.7107201337119702,0.24639137057623528,0
1.8891308509541576,0.795510052278601,1
-1.3330471246001712,1.0265539776623565,0
0.689045734994166,-0.2016337203923179,1
0.24187650153159038,-0.5508515672889363,1
0.7055528142130602,-1.4285257025577416,1
-1.0208950863947912,0.15571572192336214,0
-0.7454926932263335,0.1623833379058639,0
1.5154333897584442,1.185912782871999,0
0.6165118291239102,-1.5294719484581027,1
0.8012484913651644,-1.5320551741826078,1
-0.04725929046197704,-0.5935577656690094,1
-1.0421172077097023,1.7007047245142395,0
0.019434426182723515,-0.7012966433918552,1
0.657322314682464,1.6570473281802058,0
0.5716065163502896,1.5822697785803475,0
0.6845366285228669,0.12791406446872897,1
1.0033913017119507,0.8206841720690528,0
-0.6670571191580791,-1.0624323532014492,0
0.6186734578237949,-2.0966265555953436,1
-1.1578549477257771,1.6465734634001548,0
0.7043828745772339,0.9822657306258985,0
-0.003552004261123428,0.987699878781877,0
1.0495900456651164,-0.4902143956545368,1
-1.0436857440391252,1.1874969105272128,0
1.611351990958295,-0.8973405797340932,1
-0.31754832744991135,-0.9250628717579585,1
-1.041009919761235,0.45084040100902806,0
1.1474557514542085,1.3980041088281758,0
0.13067493662324017,0.4937498672461807,0
0.20705144313825943,1.1558535918238,0
-1.7233573884356848,-0.5444211000185435,0
1.5475399108933618,-1.2118633452500798,1
0.03658547479544831,-0.08375894342263872,0
-0.7819882199959821,0.2629943197122048,0
-0.07086535795697703,0.3356367217913517,0
-0.1277395254479582,0.24841822682737721,1
-0.42900252303058795,1.2752856947746818,0
0.4987535506469504,0.12934435212626463,1
0.5587659315888552,0.8372674486362014,1
-1.4506629654654912,1.1792512981590135,0
1.5346450415051887,-0.8589610997663893,1
-1.7117521827424445,-0.2378436373161532,0
-1.782741886445993,0.04529883497998655,0
-1.4807031064571379,0.8206301008563345,0
0.21272802708989844,-1.5690102983078833,1
0.6002120281549128,-1.8960123463738452,1
-0.2716884162318704,1.1949342318023675,0
-0.8942300721117187,-0.3905990790232717,1
0.6270166687149343,-0.9208698440015692,1
0.06464354617376582,-0.42769394260404736,1
-0.31622710838895873,-0.72537731958265,1
0.2782397101005105,0.15446201510212065,1
0.4026313548614154,1.1026415854769647,0
0.8855600761568747,0.0051116435467205915,1
-0.8000539223984677,2.1603338767940623,0
-0.536733909412421,-0.041727412085270865,0
0.5183445289177082,0.7556976986736279,1
1.213066426835591,0.7516142788084522,1
-0.17532695382139585,-1.5294534080818247,1
-0.16298260719118154,0.8572183839523433,0
-0.6382633389726676,1.6579093838150913,0
-0.8196258185473454,1.3310522675880088,0
-1.805365154679966,0.8644746105574139,0
-0.33694835583122257,-0.9449921978939897,1
0.4121674329542019,-0.6643613458278291,1
0.24975613806418584,0.717981216162359,0
0.06819024584954848,-1.3354924733233917,1
-0.342077004576334,0.15889712249564872,1
-1.220233993706563,-0.15212518849615897,0
-2.242919746068173,-0.7881276476162654,0
-0.1594083900078338,0.8318421234744218,0
0.3759054297629924,0.7801127265572366,1
-0.22611188018200393,1.0414983858263354,0
2.0068491935038058,0.26455811800149587,1
-0.8277480899414659,1.0182444382531382,0
-0.1480613441153921,-1.3695090668973218,1
-0.9184961840244797,-0.8962604231096887,1
0.26640544703186375,-1.569285630970044,1
0.38409928287730594,-0.34367977248231285,1
0.2267306131532354,1.128630985047019,0
0.11278555806020125,-0.6851064780481276,1
-0.16974693880639968,1.2351414629133959,0
1.0503057578349464,-2.160193134852722,1
-0.2937026731301064,1.2045881480464757,0
-1.0301167357019452,0.9158352590961123,0
-0.8668272362953541,-0.44522426416028926,1
2.017531730563915,-0.008923773861375441,1
-1.2947062667217228,0.7510033141063469,0
1.3020983491450369,-0.08405403654421312,1
-1.0872339664135855,0.35837595656523036,0
1.8215882903576779,0.3759562211839679,1
-0.9686802826054397,-0.04712526608170217,0
-1.4497598795114044,-0.5552904285854029,0
1.6562301868987108,1.1786312577448095,0
-0.291171925062146,0.6347376495922256,0
-1.2918049813877506,2.324490825028345,0
0.07763789589294755,-0.6863526298709756,1
0.22256359201699746,0.8568004617387108,1
0.7437990376766317,-0.5875840880922102,1
0.43101113279925135,1.2231165459670605,0
-0.19730093799221043,-0.48964799986914465,1
-1.4098414107406694,-0.5155032571801339,0
1.4738706085671787,1.3126222550809863,0
1.6432743156373686,-1.7912879206530234,1
0.43215473770445983,0.855980949716313,0
-0.8806502177544981,-0.5015925020520069,0
-1.2236642705658378,-0.37226634405474734,0
1.48862121371493,0.5312892446426448,1
-1.5925285348484495,-0.12351289739285484,0
-1.269653838360713,-0.21056752538906098,0
0.37408511675380735,0.9826245365489144,0
1.5052867622980326,0.8689690956448496,1
-1.499349981104006,-0.32266168357284597,0
-1.8323980751070845,0.26344905200795266,0
-0.17610038196417252,0.9932586285239767,0
0.6626519970443956,1.4248297636693703,0
0.8120238345205323,-1.5091321366463544,1
-2.436882305117231,-0.4054847278260528,0
-0.8780981493047039,-0.4072565959893003,0
1.116342746570389,-0.47559489407419286,1
-0.7381813575276291,0.9244513053778589,0
0.387386733173223,-1.6291909723159275,1
0.020774982776079653,1.106355403310023,0
1.10113651278433,0.5589975930967954,1
1.3246297277285763,-1.1562008023309622,1
0.5963523096724731,-0.346352669728204,1
0.9376601490787558,-0.020057580201742743,1
-1.0935298578545296,2.2442471533151993,0
-0.32168894398577236,-1.1597550023131924,1
-1.434885741390605,-0.3868353125825721,0
1.1202455661412303,0.39590077370815585,1
2.271173651130913,0.38840824338393537,1
2.067818088848931,0.24980684051906674,1
-0.6284715699723568,-1.2211225726259884,1
-0.3205250836178247,0.08188538342421527,0
-0.6096061795422542,0.32097012535995845,0
1.4529343088331645,0.26164278950409714,1
0.500038251953118,-1.1878821154190418,1
-0.34027569472304753,1.15230513393392,0
-0.9063355704260833,-0.6396091121247367,0
-0.9254882309118347,1.840049519370313,0
0.9446622633174248,-1.535560849439584,1
0.8693099423495843,-0.49552729972767534,1
-1.119892706353151,0.8708842255690524,0
1.2103253030797454,-2.1411989127011255,1
-0.2756302649096543,-0.1219683908069539,0
1.1035720408003244,-0.9886503575644179,1
-1.0764014805588178,-0.18323896266985998,0
1.2809559251015188,-1.2906390224277786,1
1.121029577652635,-1.4739161426655794,1
0.8823886113094204,1.0533494284889295,0
0.41991783571806063,0.3461505540779442,1
1.4697106737103698,0.0006332135174460368,1
-0.1633185309631138,1.105745649393239,0
0.9248275571027491,1.59059695252965,0
-1.52799361627765,0.35144167412792865,0
-1.5829013286798548,-0.9280254239888384,1
1.6780122560880857,0.6495899932738843,1
-2.11575919123181,-0.642840104912542,0
-1.6457343643097757,-0.3538273384445758,0
0.8046241824866711,-0.09823765920449132,1
0.8146620085702704,-1.15800789719091,1
-1.3975436791240998,0.3220453440417567,0
-1.178857667541016,-0.3652579744155931,0
1.476187907463758,-1.3661150268792412,1
-1.6526008826067804,-1.010839935858804,1
-1.2313898323418266,-1.1603528216217462,1
0.20815031361055358,1.4452557902513656,0
-1.076511903221299,-0.6294447067200076,0
0.8509392060227503,0.3963631042834465,1
-1.0519469314133525,-0.9627720858408667,1
-1.923363706496348,0.10619043857789312,0
1.5304945519289657,0.5044189300263153,1
1.28972309269192,-2.1598043587750597,1
0.5252675420228675,-1.6063582723171579,1
-0.3564800658289318,-1.5379817745136646,1
-1.3140533056369528,-0.4237058107407493,0
0.13636539310463583,-0.023089797846242707,0
-0.0889116025552585,-0.6641677899379933,0
-1.3824852032809796,1.6365555657597375,0
-0.4203169255014499,0.8298916552275613,0
0.7069697666201771,-0.5513117856298352,1
-1.5487469887596559,0.8251094407334794,0
0.04478028720341805,-1.5297813831117653,1
0.638754465045928,0.7050216668109085,1
-0.18244103074515983,1.2762803859094431,0
-1.3274432195995247,-1.060738718416373,1
-1.2750317596905627,0.9936099347127133,0
-0.8295907456105536,-0.7960356855471438,1
-0.755889329385268,-1.062727504091457,1
-1.6621960201764747,0.16502834881973474,0
-0.7530992955800011,0.3681074246490074,0
0.862114926170001,-1.905504318399124,1
0.8264589391240771,-0.40061428968215174,1
0.5760426791558346,-1.3467660210139003,1
1.150507929305344,-1.0430292315297243,1
0.8443726552676077,1.4205677405259594,0
0.9963666728390465,1.3792442602353283,0
1.0726129129726207,0.5877611832081319,1
0.836264699263215,1.4416735593865084,0
2.4192819040354387,0.0955064040351588,1
-0.18971493823910057,0.011510722842290027,1
0.2638058689014462,1.1624664938624667,0
0.24713095393521428,1.3643000428648988,0
1.9447860067372928,0.5329021046535393,1
-0.3147719270405382,1.2925029533527856,0
1.485380090696491,0.38534293367582506,1
1.031330545901695,-0.33459904805260526,1
-1.0865851235531554,0.7186342216876349,0
-1.1607655731876376,0.2057326261923539,0
-1.0486105588386767,-0.7010116488499781,1
-0.515394539192879,0.7698858127498079,0
1.0302351521724338,1.6304672719483024,0
-0.10857810082601284,1.7143697484022493,0
-1.103708021160895,0.8195564440746449,0
-0.37658623269782016,-1.4081077642085464,1
-0.2473904278262599,-0.2605360097942569,0
1.477234240829417,0.8982333276209339,1
-0.9573429546262489,1.1195690011770196,0
-1.1661482470146385,-0.5688120319232081,1
0.4676219780464091,-2.2539805994894,1
-0.4476593667353646,-0.4333647873752684,1
1.7880604296766498,0.42434602390857357,1
0.7257090475376687,0.2969182870864014,1
-0.10449584661181634,0.37837505084810497,1
-1.3080104327912503,0.13367019986517523,0
0.796654806976971,0.41166608083017053,1
-0.6070978740719944,0.7196852080368608,0
-0.846880120695839,-0.7080804095920685,0
1.2549369090308715,0.7017603165831314,0
2.4904137598881837,0.507302483358892,1
0.19211547143737095,-1.3737331500465826,1
-1.7466176815295533,-0.6569619215503765,0
-1.0766440560048125,-0.47897103864330004,1
-1.0307577371773584,-0.31526163634030197,0
-0.15187072103130594,1.8857287388617026,0
1.6839040231196474,0.3672263051873887,1
1.4925322555350684,1.1602204321483718,0
-2.4884272374056517,-0.6700179344061982,0
0.865719903649473,-0.17466278337571675,1
-0.13202906224387945,1.0938125774474001,0
-0.4757445439526409,0.34220135049163525,0
1.071547535729113,-0.9578100309276636,1
1.8770297855752431,0.719291603981227,1
1.2130994012874659,-0.10368188981817254,1
-0.26298908627441064,-1.5165091877769288,1
-1.320773680925789,1.2710621490766334,0
-1.073714337530091,-0.5236400063402236,0
1.7720768999238892,0.9964275566783445,0
2.051719778034164,0.24443172885746403,1
0.8804152635324175,0.012964080178502924,1
-0.8759131099293513,0.640908928833305,0
0.625871304100256,0.6994435991715586,1
-0.8058357861212607,-0.05605926949532102,0
1.2529542809052776,0.9209225322151742,1
-0.6201383841310906,-0.5960147700736192,0
-0.2093292502460159,0.04062739224094643,0
0.9893360442549196,-1.469399071059133,1
0.5896454565726428,0.7393370334102435,0
1.8603933726653086,0.648041768696788,1
0.09273893436501893,-0.04177692599920006,0
1.577016910846138,-0.5530615089527254,1
-0.877676251253185,0.49383310209704634,0
1.1210784456222895,-0.7523763029650102,1
0.005780691163875649,0.6837957397000046,0
1.0897251702427508,0.38285424036643234,1
0.7133088150410317,0.5664175075745593,1
-0.6385659134140551,-1.0511447766410855,1
-1.2224213794815533,-0.33043414143214145,1
0.8325806756446577,-0.7201038299159963,1
-0.0481596554591039,1.3453899015010917,0
-1.6175495843456382,-0.3529802455587348,0
0.7741307956262125,0.27623553522577843,0
0.8003058160868867,-2.0380243310851953,1
-0.4713501798902795,-0.43543304457615434,0
0.03875819646212198,0.8666441567073581,1
0.6106077065370858,-0.8808623556193612,1
-1.580676161381794,-0.9776584434632163,0
-1.7464637766164446,-0.1755096605782423,0
-1.0739980002107627,0.7180498914285213,0
0.12129013992772682,-1.427210679212627,1
1.3268744137842345,-1.0844661808086327,1
-1.4239151757734019,0.054451404831374596,0
1.0163875196492436,-0.4557128083107882,1
0.25949150565254997,-1.386728723684203,1
0.9053524010906034,0.6912215409961963,1
1.3967705004826259,-2.1618286672424225,1
-0.33101605385518207,-1.795799837995481,1
0.612559261106421,1.2250107633641376,0
-0.4332017568181655,0.20415710636436013,0
0.7351650499855725,-0.21534133759164814,1
0.9395262966792185,0.729608526096038,0
0.2318707711039016,0.25919329115746287,1
-0.37626799526018817,1.6401162661437403,0
0.6431534090967739,0.2488263084672873,1
-0.548523858179849,0.7291351662603255,0
1.7556644519121163,0.7886021645785414,1
-1.3608156155536604,-0.5325394481401311,0
-2.4447760211376743,-0.32277305050350924,0
0.3387419890557643,0.4197820238149176,0
-0.4234630409096703,1.6964219145047361,0
-1.4117025349845524,1.6147714817617784,0
-0.9682740534303019,1.5617371536550229,0
-0.991835445173665,-0.9112108604657447,0
2.095326666820241,0.208887040909847,1
-0.14984868605336377,-0.9421616201006411,1
1.0364189967778508,-0.8449429424561106,1
-1.4636163823547903,0.6355005455456675,0
1.4004456108151313,-1.7952946867820438,1
-2.055659193413055,-0.5688802179820547,0
-0.4090252076032429,-0.588375024636283,1
1.0367976665255902,-1.8660022884462721,1
0.6119228193874103,0.377750633779319,0
-0.9979056038450811,-0.10754005139526927,0
-0.09121289691591991,-0.3640852224440471,0
-0.5498488839225748,1.2116302092118776,0
-0.6987188308017328,-0.5118692170175342,0
0.030129371003878472,0.027704469177191358,0
0.9378584753533045,1.3615095163061899,0
-1.08661190379105,-0.35757694208886703,0
-0.5481984251947374,-0.5065074420604064,0
1.658433772632829,0.19807595441620157,1
0.5575150690488565,1.3652403798566088,0
0.16674004640539716,0.07353087274044418,1
-0.32022696001515655,-0.3930025428639942,1
1.229234488268893,-0.66723559249603,1
-0.9672419998408737,-1.170658664458023,1
0.48960039109403747,-0.20628463913649456,0
0.4642210812116599,0.5297240054072603,1
-0.4015369783135862,-1.64895406405959,1
1.2328963211112691,-0.1467086224071467,1
-1.4305858294916527,2.213187800564926,0
1.1854772457504075,0.1833573055148051,1
-1.0317480572786255,1.062146416346281,0
-1.179065675217357,2.253234190509148,0
-0.23527725249884576,-0.1387595042664205,0
-0.1709053954851626,1.4433227874456571,0
1.9418031014998458,0.7101510468031945,1
-0.3141265647950853,-1.5913697963043776,1
-0.9938221882800509,-0.6081508850788641,0
-1.2245762676000673,0.4045231644746541,0
-0.5721134030558946,0.222391373243916,0
-0.29459743313516895,1.8455713865256749,0
0.3219107189805727,-1.123902344363597,1
-0.5371998866015771,-1.195204381072491,1
0.8679480158853186,-1.0506148965755875,1
-1.3588067196964095,0.45571231785719235,0
-1.6505643167220538,0.4385034542754251,0
-0.2307024718225648,0.8354276954624364,0
-0.7829313376099916,-1.4203352215423597,1
0.9701122231288386,-0.0916026661325495,1
-0.2598654536290724,-0.6404862607989419,1
0.4967382950914196,-0.0704148591230246,1
0.46619530048374097,-0.9417204906232967,1
-1.2648526462420948,0.606320581952916,0
-0.9926161075966439,-0.6166549206235766,0
-0.16642984055812354,-1.4585339399130883,1
0.011495301861958953,0.8335508172451556,0
1.0363252920507113,0.27940088544658814,1
-1.6535311201498553,1.1699057049869368,0
0.7332944382588041,0.44141899045178157,1
-0.2250842876450659,1.5650942966632873,0
0.9614440749379818,-2.1007716525599727,1
-0.7986838973168047,-1.0172126857146233,1
0.9930574266623998,-0.09207764288300012,1
-0.375053416180887,0.9011699616460344,0
-0.5651407523472219,-0.6386996180125717,1
-0.9972420365131516,-0.8961468166354966,0
-0.056772878124917506,-1.5286801635259841,1
-1.8302214124331995,0.009762198317559288,0
-2.4735223886083646,-0.08242110055145906,0
-0.5406364001835452,-1.5579321487468987,1
-0.529552686784858,1.3043815006993418,0
0.7218144350472568,-1.6640076978874578,1
0.5401502707884885,-0.2303840912844924,1
1.5134754714950092,-0.18081350676063696,1
0.024378610981767808,-0.7696827487198358,1
0.16310348424953897,-0.5488559200238776,1
0.6180410219975087,0.41589763819519165,0
0.13836158539921856,-1.066571330418091,1
-0.20953588349968535,-0.959639762550971,1
1.4687855484173182,-0.5427158283332839,1
0.6984330434526673,-1.4234841635380795,1
-1.3027956666664915,-0.7224680504641371,0
1.9099879068514025,0.40710490202384086,1
-0.6000454077847602,-0.7649465070410464,1
-0.046568618088244036,-1.4798686926058782,1
1.3691161070691598,0.31680899992683464,1
0.024561563579626657,0.5218583363656754,0
-2.0928148210756974,-0.228817508474042,0
1.0580185768905521,-1.0529843677075907,1
0.01674600232299341,0.2015272198564104,0
-0.525905243631502,-0.8545570328374941,1
-0.5873132086613843,1.805110213584077,0
-1.4026113208572657,0.34876322408277505,0
1.0172619655951098,0.8011477548818475,1
-0.32289280495044326,-1.3522084234921004,1
0.20285373518615188,0.47522221735838,1
-0.6398631764546715,1.2830363038099093,0
-0.5141541700508578,-0.08217805216935722,0
2.3243538179034338,-0.4336609296631959,1
0.054049479424307434,-1.6332540384211984,1
1.4286919510618985,0.1989548984598888,1
0.2294155055529942,-0.983058354334625,1
-0.37454835245363755,-0.06807770919272736,0
0.39389675279227115,-0.2959796216228828,1
0.43700748481846524,-0.9741103668243813,1
-0.2802313138581292,0.01524583686183314,0
-0.03446807870874616,0.5814605087069178,1
-0.24837623850954332,-0.09939111979223167,0
-0.9849565814981841,-0.7897742526888327,1
-0.5888456345277041,1.6882802159438657,0
0.1629621795448011,-0.35968709309332725,1
-0.23428726611454465,0.8353771930841495,0
0.2252938525867795,0.6956814095135178,0
-1.9050491792552424,0.25224309142322116,0
-1.8958388278230833,0.6342995909510423,0
-2.3329547464328453,0.01745545885693172,0
-0.955148704292644,0.35023673961526564,0
-1.8997090237263512,-0.9663389385546883,0
0.2462925702428498,-1.4246921854469294,1
2.5253689878755097,0.5357960004011023,1
-1.3746324682508355,-1.404262997222964,1
-1.182083710313927,0.9929951241238234,0
0.557382572733695,0.4295776467854952,1
-0.28867111852955946,1.8068218761205699,0
0.6791803851843734,-1.110112934296463,1
0.07695661874566556,1.5173745395752236,0
0.6043358502800392,-1.9978831854176216,1
-1.0646980982664016,-1.6124626524383578,1
-0.8524577641931893,1.6921334724735686,0
0.7073750314884524,0.9213610762608905,1
1.243225345148247,-0.252358167286098,1
-0.40222500549985213,0.29944173193203927,0
0.22315923371556456,0.3059620687907886,0
-0.12676564821834319,1.768646645253119,0
1.044697881471802,0.08188597152588191,1
1.0789643583829267,0.2464760678559117,1
-1.5083181746023597,0.22308345263902316,0
-0.6914457722134334,0.8667206951501474,0
-1.0799801155951076,-0.052373088559574295,0
0.2516157625230498,-0.5692704647885084,0
-0.10502390846502131,0.07329475912561165,0
-0.14844435919185978,1.9483530998375678,0
-0.12334163982690367,1.0862972695950572,0
0.6861144734530455,0.36724475343779095,0
-0.0828262983534825,-1.0603625662781322,1
-0.008749298556803217,0.315698537486556,0
0.7799823630275295,-1.5168228363526157,1
0.22873977571543275,-0.23878458811602032,0
-0.8379189330318945,-0.08340937048046046,0
1.3131714150827356,-0.459623092574453,1
0.12055727288151281,-1.0948116509324601,1
-1.7220358556055444,-0.5462202542521482,0
0.8003114279644836,-1.5301481161809758,1
0.27943536355556525,-0.6652637684706788,1
1.8266688673290472,0.8544345172810187,1
0.5226703113892052,0.9596526379002115,0
-1.6184684928544366,-0.9177391233555381,0
0.5866184528786141,1.342817681080609,0
-1.1261083275689197,0.7080897046552542,0
-0.5848649362279392,-0.7147769777399985,0
0.3673766169004164,-0.5522305238231894,1
-1.437526057268504,0.7207462239371191,0
-0.6275226939535155,0.9370428699851386,0
-1.3292012993656892,-0.7241259752510969,0
-0.38833620486768433,1.1081675636885593,0
-0.7665458376639815,-0.606835715432779,0
-0.08510103923177216,1.849743444737101,0
-0.5227388809760705,0.411011248121378,0
-0.7786695128403281,0.7272541904765316,0
-0.3698654094272438,0.2470948536548611,0
-0.3114491061392613,-1.5345324017199633,1
-0.28158737513012316,-0.06432990985974783,1
-1.4733626952819954,-1.122195888152864,1
-0.16543871270725244,0.09146279450342214,1
1.4727434792137302,0.501711104534431,1
0.18053307115031358,-1.7622918320702985,1
-0.6315277564907852,-0.9194107385703741,1
-0.8637847122713761,-0.811708094472052,1
-0.030555600719703424,-0.7173975754337157,1
-0.5116203199144872,-1.1618725368136453,1
0.815336961315453,0.21478811164471895,1
-1.5123763062065654,-0.45909632836884706,0
-1.1761359194761865,-0.7374553760132575,1
1.0179924597255092,-0.8144017692437941,1
-0.29996144420863363,-0.665330985063424,0
1.2273273596364487,-0.6673767291752168,1
1.5092058200252043,0.004136231700959033,1
-0.5596421576142386,-0.6929335742770747,0
-1.3275995664773126,0.6381382315333822,0
-0.34408891620014087,-0.19228728599066056,1
0.7632812863837877,0.6374566002998692,0
0.37328310096838113,-1.443903306122824,1
-0.7863281712006135,1.3946091764913748,0
0.9937282273792742,-0.2541141827536808,1
1.5438322075552642,-0.5549063739830519,1
0.8780953170507584,0.5307687204716972,1
0.8075240876359225,0.4893859913228936,1
-1.4188462760063878,1.0613758797962345,0
0.18460779104685537,-0.1191115936307854,1
0.36408638996505704,-0.22787085050144,1
0.3085590014304688,0.799984459564652,1
1.4302081292483633,0.8669182516357602,1
-0.21787869449760097,-0.8390757120085667,1
0.6191358065722523,0.3210207961256917,1
1.1239165452034083,-2.1786202638012644,1
-1.0808299971335398,-1.207284663351623,1
-0.3640940700959971,-1.0106155652835576,1
-0.8598012016441775,1.8733509329104123,0
1.1060307327583392,0.22220988730026678,1
0.7928825521109543,-0.8353385744117994,1
-0.7186830821003724,0.2560895820891082,0
-1.0379079993530216,-1.0359717121245993,1
0.4431356643903835,-0.9146480405754716,1
-0.6560696542486886,1.1893935839913499,0
-1.5011896349320852,-0.8596552670298021,0
-2.3292385703854634,-0.27566297059606854,0
0.7361172056121651,-0.8630919513469596,1
1.5249726576900735,0.2998290047438302,1
-1.7948094137195338,-0.8644802848781679,1
0.6077857963679565,-0.09018282716235788,1
1.5448549548172845,0.6950279669087349,0
0.702103062693981,-0.7458531884738258,1
0.47975685679178653,-0.09783976568641765,1
1.2849597566997144,-1.615882253255551,1
-0.646544605619989,-1.2572803715845002,1
-0.26597333589585687,0.5890935758528524,0
-0.31945018546751885,0.7663612412513734,0
-1.5860839142431522,-0.6866230284462683,0
-1.9653380213748242,-0.39137848894938176,0
0.23362008399355794,1.073257495134056,0
-0.05573691953639489,-2.0137583398320795,1
1.1554439069806852,-1.008231881153262,1
2.030615348510136,0.8412069325086161,1
-0.7804676987976517,-0.09691238750978298,0
0.28727163738447137,0.4914735156072609,0
0.3990545031913505,0.30477897137719817,0
-1.0669272284256868,-1.4506946895698893,1
-1.586078828632885,0.025107270507826032,0
-0.012014468737221052,0.15697115753957944,1
-0.41235167204992834,0.8680007072008369,0
0.8739068167493964,-0.9802014513742204,1
0.12308295445461301,-1.6883731013158672,1
0.1296505371778745,-1.5742888966214876,1
-0.10602502597369937,-0.48990805330871523,0
1.5356042567030057,0.512777116813368,1
-0.35568223661234794,0.14365228507021127,0
0.2080317306774117,0.4052495074940501,0
-0.2715300024866521,-0.8481880865696753,1
0.330806266639218,-0.8878618059743407,1
1.5846474006332048,0.266924602728221,1
-0.26799892101150113,-0.40228454216419807,1
0.32555365753001103,1.1384763005852538,0
-1.7015171364052846,1.703598349852449,0
-1.4086541092325284,-0.9266927456191321,1
-1.0402107631000206,-0.7271906450107899,1
0.7022348137540699,0.20007688285422257,1
-0.7089576533398039,-0.7159237499626652,1
0.23532067202398158,-1.8552795371080422,1
1.4352759756695916,-1.5508277039129796,1
0.2662345641624509,-0.5683903268866671,1
-0.30579308434791297,1.2767175338644552,0
-0.7730734002248192,-0.7156575829750185,1
1.8991719127944646,-1.3064927482850934,1
1.0804542275239615,0.5610098653243355,1
-0.10775150718426742,1.9360002264375429,0
-0.46853007707854605,2.1698445374085864,0
-0.2240621504989855,-0.8154069103634239,1
0.48676435452590294,1.9172129218127998,0
0.5364553965462583,0.7168337720928403,1
-0.9354534525452619,1.0082688445099348,0
0.3083013683569929,-1.4668089135974587,1
-1.5532659419748693,0.6521625959044194,0
-0.7079556938088499,-1.1536982553587076,1
0.7751895570011241,0.8299908955990698,1
1.1116157708657324,-0.29230029107480004,1
-0.229982082087874,-1.2949522962794513,1
-0.3808426077631753,0.1754535166328763,1
0.5280346503346273,-0.5068413238045546,1
0.9549564662947556,1.6107091384513366,0
1.0992244621782934,-1.3344888365239223,1
1.5885108853006404,-1.2673620677459603,1
1.6312907505654355,1.0603054602920245,0
-0.5101938058912562,-0.2305573326431157,0
1.5401884225918825,-1.065228853836844,1
-0.522717593809287,0.38100056095168117,1
0.14868277517584713,-1.1840611626072959,1
-0.40901451523794025,-0.06767925024765539,0
-0.6131931653000589,-0.5877574175730397,1
0.13241016160617597,1.2586206789187744,0
0.778509813801223,-0.4619885941057163,1
0.7295740828477357,-0.041800387310147596,1
1.862988200273791,-0.8538819848822153,1
0.3469769045501911,-1.0673101584627351,1
0.08636864549315686,-0.8868836760350867,1
0.45053064830486583,1.0161706340805678,1
1.2310411927907507,-2.1866082975384313,1
1.3862292145886876,-0.8697793729695824,1
-0.6140935533651666,-1.1764173467241579,1
0.48155239011825235,-0.3327591180281028,1
0.4585270345558451,1.636572491662608,0
-0.8425701542404529,-0.1494432251197831,0
-0.20107978935956425,0.6460566277312498,0
-0.02146951179708372,-1.481223063751003,1
-2.281938503863618,0.16972589267400592,0
0.014223836191728893,-1.6861764530965537,1
0.7173447984500934,-1.7532820783538807,1
-0.6765994514728636,1.463898281883307,0
-1.9311590194666224,-0.6153171901818327,0
0.5562353803491287,-2.0369004038174516,1
0.667043986636115,-2.048975141859613,1
-2.1392175010738086,0.38937880700048144,0
-0.72193182511238,-0.003602784990470056,0
0.4174564410600987,1.6526552407820756,0
-1.6608505614550466,-0.28239494350851274,0
1.7957650703117622,-0.3316853496066016,1
-0.5218349482232458,-1.3400702032134773,1
-0.04310350424328411,1.7250888008738963,0
-1.0273990099664805,-1.1230442031159547,0
-0.02543643424984448,1.619360121311035,0
1.2745193445797727,0.29294113660887444,1
1.716076455277092,-1.0096343662237837,1
-0.9383019450956683,0.2964331248146354,0
1.303473155856193,0.4969750896622052,1
-1.3626799684185595,-0.8080879025761832,1
-0.212401234345353,-1.101957466296007,1
0.8885067988594213,-0.3198779950935299,1
1.2483288099078802,0.7304371632145402,0
-0.2485555229878704,0.21075583466510003,0
0.6738175742191372,0.840658370582215,0
0.6029187395958282,-2.1054772318415167,1
1.1541753423958112,0.8430771625129052,1
0.0291948220846723,1.5730691463222366,0
-2.445720371920108,-0.0779953780347055,0
0.7574245722403598,-0.0937826451205686,1
0.6576795586278282,1.0708128678695006,0
0.8493432367717566,0.2796222059405108,1
-0.444216784869636,0.5990582619124233,0
0.41935550490468787,-0.35257074181031267,1
-0.390737859701212,-0.34177860573143887,1
-0.07628183722739101,1.5214178772301679,0
0.6601225962268533,-0.1976439682050793,1
0.6601344156869234,0.6891244549041415,0
-1.3363156372993514,-1.2716718889252898,1
-1.2586386870531316,-0.780312433806277,1
-0.40881701471614484,1.5447359057011711,0
0.7861786435995173,-0.06634562966850018,1
-0.03484577520248687,-2.003233246871288,1
-0.7199289422366192,0.14890003544174107,1
0.768092614176102,0.11579869518583871,1
-1.3751246890447433,-0.8339727164382735,1
2.165570045240912,-0.8532166655369084,1
-0.23230204829847692,-1.2815486845296435,1
0.1896161678176761,-0.6278622269210078,0
-0.20833696869504115,0.37556456733182303,0
-0.6185442050569919,-0.09359764055674454,1
0.5904786749934773,0.7089440744093595,0
0.09462129914318844,-0.23578381374623417,0
-1.4498181466445865,-1.2833967545880693,1
-0.6222176603508003,-1.2399729217850468,1
-0.39166561083927576,-1.9422233217701677,1
-0.40583008308557217,0.17240306089716045,1
-1.7979438404382067,0.9268805666629575,0
-0.9229710254692766,-0.8229304180391218,0
0.8017303266004581,1.4108688220481624,0
2.0426979265557357,-0.2630782984748338,1
-0.10776561457138359,0.9920507536035775,0
-2.413990138669623,-0.7283621347116807,0
-0.4829787771662702,-0.09570844848751715,0
-0.14542890472970005,-0.1888375662171543,1
-0.21049562855142895,-0.3225446277032819,1
-1.2747959220707623,-0.988735031078091,0
1.0887813885525743,1.01312739404348,0
0.6244694136181489,0.33463406207677654,1
1.437527640352147,-0.8998901011322239,1
0.166676366294394,0.8906926991736056,0
0.6725034025144685,-2.217927694081918,1
-0.42895190971744745,0.07255789289978776,0
-0.46809734206471804,-0.40022853834266825,1
-0.6663130272123523,0.7856912574397793,0
0.2981360186190267,-0.3642551012399158,1
0.1142027869808255,1.1194421428200791,0
1.7486372731387732,0.3901237160592096,1
0.387743657873317,0.9278888627451699,1
1.484704144818988,-0.51361229557358,1
-1.7671720209937127,-0.6329823202040068,0
-1.4398043647814596,0.41036192712972025,0
-1.554153127907644,-0.21850258599830122,0
-1.240151631846896,-0.20777316027077924,0
-0.6360255623343192,-0.7939074677836081,1
0.18903382890251352,0.6844647520744251,1
-0.08140837161785082,-1.313748053662854,1
0.7136573571075707,-1.9297035296426248,1
0.899262813913359,1.1538960103747147,1
0.4672650789360522,0.20954303562961565,1
0.6175928181489945,0.06763013964520712,0
0.38433183997204856,-1.6592861507232184,1
1.1789248578081335,0.6296993557038679,1
1.5456138686963115,-0.6862393125354678,1
0.6984235433012937,-0.14495683864030037,1
0.4000650969628592,1.319346292683494,0
0.06531527520697673,0.33287362800706555,0
1.1508458916894149,-0.9889374873595443,1
1.7885132545962474,0.7724265810700848,1
-1.6429653249103966,-0.1132790365180806,0
0.09730921003119394,-0.3805325737644785,1
-0.44596770081371556,-1.087735877186498,1
1.0437699005668206,-1.2704421635147165,1
0.1483686741873469,1.3507544376244256,0
-0.25620622067849674,-1.163686096088866,1
-0.8370949866970491,0.5557043285402292,0
1.2226146748884794,0.8897728422936574,1
0.2996899436496684,-1.5697575821912915,1
0.33380616697388216,1.2714347947709952,0
-0.1859578244336092,0.7955331348452399,0
-0.6186811297392062,0.3348175815624545,0
0.023616988320388523,1.3611553641600176,0
-0.448385249104552,-1.4673159313465909,1
-1.133350424297566,-0.9828824702644766,0
0.24889309550347055,1.4609984016823945,0
0.8851523663918904,0.905605277309943,1
1.3711855293173274,0.30081073641493533,1
0.05845038551567405,0.03633759268595879,0
-1.644420559745058,-1.127586426876642,1
-0.01528223672786676,-0.9531044276341805,1
0.8176221372352823,0.7668447640321133,0
-2.0563361241900595,0.5926890952151579,0
0.8055074824804693,-1.1662141123577656,1
-0.33072718727483713,-1.7161540406759572,1
2.481204697401631,-0.06056799176749716,1
0.3519263512793933,1.6469963999291946,0
-0.707288359554647,-0.6134647541927881,1
-1.045590350281233,0.8408743269104506,0
0.8484852475338258,1.474442996575442,0
-0.6824665039987745,-0.8169226308847439,0
0.9795740560265354,-0.4200424510867925,1
-1.125502070880609,-1.315448812594464,1
1.90590230711025,0.7082076560316561,1
-1.5319949791626493,-1.3558723749819153,1
-2.062824385961436,-0.9847963762261425,0
-1.5531164990581137,-0.5787095213668891,0
1.5167093851604563,-0.03599271967159197,1
0.6860925778018253,1.1354738056837788,1
-0.9834502740474343,-1.391373380111823,1
0.23203503329417627,-1.0511919396858085,1
0.16610010078913123,-0.449606933923696,0
-1.247930238194012,0.15733150911981042,0
-0.24187311899765143,-0.6964305077158851,0
1.7909170231171103,0.6264321945014903,1
-0.01908630317712748,-1.2076161468980586,1
1.3876682836127028,-2.3306773080283514,1
-0.6882198132698613,-0.9805691625465023,1
0.5105047913385765,-1.766808820197327,1
0.6263670833191153,-0.26262447066517075,1
0.9578557446287772,0.6418730830864812,1
0.09925680718735148,0.8675944292533379,0
-0.39216221514025174,-0.10781345382888949,1
0.5218742524356224,-0.760240328388482,1
0.08069463973378325,-0.5759729089321396,1
2.047156150374556,0.42090562184744784,1
-0.03266316058992803,0.42362045894059003,0
0.18898609972190963,-0.5181673106756441,1
1.3181785013309328,0.36105700929494855,1
0.9121644743592934,-1.253387330940027,1
0.15175635530166712,1.0484034149976809,0
0.22853581808007412,-1.0886537701825594,1
-0.8546999110474917,-0.4957204116641844,0
-0.347116240036689,1.7728757610030463,0
-1.1621063503785785,0.1509854116910798,0
0.5441244815930703,-0.7142862487325782,1
-0.835759292632006,-0.2939560698825447,0
0.897100575653065,0.591768559339116,1
0.31718249885951066,0.9602508906978303,0
0.8736531147471392,1.1543548100578167,0
-0.5648030289520993,-0.5956935896165373,1
1.6162342978705084,0.7788503481167555,1
0.730817552352635,-1.2782405778728338,1
1.4652844600039678,0.06441101983892199,1
-0.9365729568545595,-0.5824456780220452,0
0.5644292519814011,0.04556783935993632,1
1.5676718836228802,-1.0176664560142432,1
1.907241717372001,0.6155171283183795,1
1.3210298663955502,0.16944270934414057,1
-1.4499282351125826,-1.0906227073148766,1
-1.5113386320044164,0.3545163283069995,0
0.48638890404940555,-0.48234752701461625,1
1.5313365718334384,-0.15181479128630532,1
-1.949903489861194,0.05106093153210481,0
-1.3237025295427696,-1.493045040944821,1
0.4685783538573217,1.4079167581584728,0
-0.7550349179692887,2.073927458781705,0
-0.7289578519738095,0.1014200952472825,0
-2.323701708575073,0.4264968898148455,0
1.2420130220892338,-0.6308086215600495,1
0.3525459997235057,0.22420188507985359,0
1.8969727283092308,0.9713889491411062,0
-0.30549033858477986,-1.3854884846952238,1
0.6894114079048791,-0.7945815520278032,1
-0.1535493048387122,-1.5921360438205563,1
-0.0667579438636643,1.3091008168871776,0
-0.8724730331131769,-1.4061436301347234,1
-0.9111540792130237,1.6898559806634723,0
1.1908096163020172,0.8789379577509192,1
-0.9704889188165403,0.8547177235254194,0
-0.04539154275134231,0.39172776600046155,0
1.0265586247801703,-1.5462290416380422,1
0.2651890651891983,-0.2528985590120247,1
1.922613024117468,0.08055739067900984,1
0.15885947796828384,0.5297919109349072,0
-0.2437122477886325,0.18208624000855828,0
-0.7954473693614446,-1.5280522923073907,1
1.043139958569674,0.8642879974118332,0
0.9659990728088906,0.7332836544443362,1
0.8204033754327158,-0.57431113357131,1
1.0734365317954433,1.2261217087602831,0
0.44851338275411406,-1.5302291550787364,1
1.1471844433456169,0.4740592146930585,0
-1.7865395055672528,-0.7149349577195698,0
-1.6713953200866087,0.2989452727683434,0
-1.1360170670201244,1.401759598284383,0
0.9567356192404125,0.35568538735977745,0
-0.13036240306476746,-0.826683775205998,1
-0.3548292194644804,0.336841990122341,0
0.9603077653764864,-1.0577889604967396,1
1.54537990408754,0.0541884981442114,1
1.4982150683053335,-1.1333013834543473,1
0.1446049090603447,1.675146902098548,0
1.192116707312499,-1.1994400242095178,1
1.0297476231340967,-0.9152074721144194,1
2.35063087002902,0.8273802353587487,1
-0.32841146913186997,0.25498784709149397,0
0.6700883875422046,1.1533031241232028,0
-0.7425814898435882,-0.7626393696157029,1
-0.28032619690265975,1.6194642024301518,0
0.7718238045019589,0.6191938955583483,1
-0.6536001996533963,0.5925092287269456,0
0.6283909067371675,-2.1668542532878403,1
1.6436946709076656,0.15173603916342138,1
-1.302744620606868,1.4577857463638573,0
-0.980627871109866,-0.4081442778620801,1
0.07728983320050067,-0.8059109001479335,1
-0.00649680107036344,0.6318698694340394,0
0.11118306608202595,-0.12870470696156946,0
1.97428974497624,0.2589704807924776,1
-0.6937044078050929,0.24571609426947802,0
-1.6883499336557588,-0.8079973892129412,0
-0.8534139756674031,1.9671284621707303,0
1.1184844062306485,0.9613552901771306,0
-0.020667430171589042,0.3792298903154067,1
0.023183566498844097,-0.8213297133287861,1
0.05634019684185302,0.6683436685361481,1
0.5577479719925691,-1.3922824101958595,1
1.162490926858849,0.47813890079673177,1
-0.4865084579586312,0.722208467956083,0
1.6677825375335504,-0.24373996241416498,1
-0.7980711310240928,-1.067443811781986,0
0.8629332116285031,0.23619953460396875,1
0.14338823753859875,1.6370097443914402,0
0.42293696703598704,-1.9381583707065868,1
-0.854857564627253,-1.1077951501491705,1
1.7559927110472955,0.10095896069325938,1
-0.18898939418152153,0.4223047938315402,0
2.1746524160637715,-0.15569318141187966,1
-0.5672357772351079,-0.9402262755832254,1
-0.026327784296432195,-0.41801994722502395,1
-1.1977972150676477,0.2738520584089734,0
0.34247073350242874,-1.825252607567614,1
-1.5432972169424009,0.421176957452186,0
-0.3056800220355348,-1.6258789492293706,1
-0.3660546895610138,-0.2782207571438381,0
-1.5580076475182356,0.8038829405160866,0
-1.2197419400239122,0.5581109112499777,0
0.15150667878161864,1.2913210042477485,0
2.0358464324492167,0.11330458986972813,1
-0.17715891536643089,-1.2746657192568087,1
0.3334445964594621,0.1642083454183091,1
0.048919524786982235,-1.5639271717724457,1
-1.379314253731932,1.764312097426506,0
-0.5083766340441881,0.7484037900856222,0
-0.5683483712284065,1.9979717863662572,0
-0.33372322260378134,-0.2964327727642431,0
-0.275540301477317,1.230863003714318,0
-0.3025950603466863,-0.7947913268570443,0
0.5409013542622979,1.3244574087723044,0
1.2544495156042996,0.9185365221056222,1
0.025189206220749178,-1.115277574350297,1
0.0034891013673844446,-0.5811747533593937,1
0.3672280338346897,-1.2071750867713793,1
-1.2042405157320715,-0.07353669123526534,0
-1.212309289145247,0.1008847908828734,0
1.5939789438995557,-0.8229876552451748,1
1.1875752675617612,0.3161239833704755,1
-0.29000166411806405,0.717576518298002,1
-0.4000582998141426,1.4360868253547745,0
0.1362156631750489,1.9132539268694337,0
0.037810236544522854,1.4983474266256822,0
-0.21119166075690807,-0.39580403680838866,1
1.7355364198510752,0.36476707107010636,1
-0.9024574576466974,0.1881463091408926,1
-0.6938766899910439,-0.7323141860118748,0
-0.6898898459355738,-0.10126574600497787,0
1.479386927323992,-0.5078854503021447,1
0.5456477383306043,-1.1312014939414794,1
-1.9381511453686788,1.1464253044787462,0
-0.7970892038974263,1.871577566106762,0
0.9149583150076703,-2.2755265291397073,1
0.8909625717875419,-1.8146487423333726,1
-0.5822362388602487,0.7420052896682107,0
0.4190070301536895,-0.021361196323396284,0
0.41503694509529665,0.17753895313247162,1
-0.1587106791202418,0.2192178055907523,0
0.9795958825002392,-0.38944934688652605,1
-0.6902845882234969,-0.9512299284198952,1
-1.1907983198531982,0.9135605750961322,0
0.7540822463142631,-0.3642906861368843,1
-0.16594247422049752,-0.6265913630369071,1
0.09350436055349944,-0.07385464293897236,1
2.0904463153406136,0.8510544230934678,1
1.3724841362614437,-0.4358277707459662,1
-0.8007785702902657,0.5053001503459991,0
1.797364795071229,1.0678365545169213,1
0.7140235968034968,0.8433463395816783,0
1.94649305845191,-0.8671062539878347,1
-0.7434731431342652,0.6423198821448232,0
0.30037255019420234,-0.44866057008353166,1
-0.6913991157569844,0.7376878432873747,0
-0.4055941552948816,2.219518577374084,0
-0.9822361879924868,-1.4656881050005188,1
0.17748908834164442,0.837933138382468,0
0.14056952016236277,0.4482913728753022,1
0.6702436313168719,-0.8930114772300786,1
-0.9587779612736258,-0.4838667716823271,0
-0.016281300227534032,-2.0089404767893857,1
-1.0528989462267597,-1.348082339146148,1
-0.3706104773468346,-0.525261199050479,1
-0.23224312848943898,0.9216015316649309,0
0.8356200925521716,0.095404146448798,0
0.3656423767373044,1.1900909558835875,0
0.8822019392501826,-1.0705611865243938,1
-0.3065000533951205,-0.9537780868814937,1
0.3279148270481311,0.9640787555975133,1
1.2700018160250286,-0.8085861510085531,1
1.0030597065927667,-0.5952101703155893,1
0.9559817270773078,-1.1246467265708036,1
1.0439074318301533,-1.0758760315663536,1
-0.2142313471982462,0.5617223844021193,0
-0.8751314818948892,-0.6763123404308612,1
1.015895647245227,-1.585888407832753,1
2.067832069305278,0.06950382695351599,1
0.30225846320687416,-0.9942703073873146,1
-2.165567339418281,-0.3334018447341961,0
-0.3383644535077206,-1.4919894551947521,1
0.8423017795208849,0.7665964355000853,0
0.5605816174609289,-1.5903605777097585,1
-0.08911285442316116,0.6769437856233003,0
1.2266653598518873,-1.769351592944702,1
0.7637914492781855,0.6539350751002048,1
0.8590618926934356,1.2495178881251836,0
-1.9384583800072068,-0.9546517272172377,0
-1.4464486972644417,-0.23217873031594793,0
-2.3865980200713848,-0.8706909602173469,0
-0.07662559655516141,-0.317367446191404,0
0.43857540305726106,1.2339563588910554,0
-0.19244514417304417,0.0509950128305868,0
-1.0740607586900215,1.0117857577030256,0
0.14068373454318847,-1.8239403108021046,1
0.23503385990686207,-0.7843037098141123,1
-0.010809446271414476,-0.20726693739411178,1
1.570797076579642,0.02139077006192953,1
0.32774120462288076,1.4975147386850811,0
0.21113672397911243,-0.41784088382796514,1
1.2421048408658089,1.147880388616629,1
-0.46333767819160177,1.4275655830170948,0
-0.525577944539688,-0.6029925747521871,0
0.34021637371768626,0.7630026001069206,0
0.29532517204896536,0.11702017254123033,1
1.4709422831940877,-0.6217549827275382,1
-1.6856599844598026,0.047956129238187414,0
0.8141156164146998,-0.622716348465106,1
-0.8997601434164731,-0.1498077333379238,1
0.21754486745008922,0.44885237257203037,0
0.01708429660219755,-0.6661180878195037,1
0.6311911125659742,-1.8508125260411894,1
0.33971606556173306,-0.7279445502154256,1
0.22940690701602773,0.4242245174998605,1
1.4088515690846353,-0.20627924529864192,1
-0.08932122255059807,-1.3960978915761293,1
1.5360292343782864,0.7191747107558537,1
1.7335029888505498,0.6941055549187113,1
0.613346554084975,-0.919256811466824,1
1.717242316565031,0.40057613454407187,1
-1.3777034117244484,-0.5329734970063849,0
1.6931706299306792,0.2962558154020773,1
-0.7574221247310603,-0.7608627277968184,1
0.7381634056476047,-0.9299654724610166,1
0.4548238967495004,-0.8364696955353254,1
0.08705386189478709,1.1824464001326367,0
2.6128595939513235,0.600146157336371,1
-0.9794465936521847,-1.4177168933811586,1
0.3466313478483757,0.8718415133816023,0
1.308132729178942,0.48136358520107564,1
0.48453040739420755,0.15048136229214729,1
2.3085021974606197,-0.652696209550496,1
1.6203867022234533,0.8392933026420253,1
0.016769973159980755,-1.8979443712542436,1
-1.412815947505298,-0.5371022094085749,0
1.3487636911370224,0.6052132090606448,1
-0.44407850643369357,-1.034467472864454,1
-0.16489780099312362,0.363057972559528,0
1.5318493502750015,-1.120493472144742,1
-0.620846182147556,1.5076326975246965,0
-1.2255317232330345,1.3302831119171725,0
0.35377781668597796,0.8395625267176406,0
1.8263691893478988,0.417630219154692,1
0.12399012496076717,0.285609801116141,0
-0.8728131199574216,1.4419110519509457,0
1.1391930860060742,-0.3926519170094687,1
-1.1474271533755647,1.5403042608556483,0
-0.5837928315974812,-0.2098184625141286,0
2.363859099846909,0.32643530130550036,1
-0.8489058441061902,1.331777711471434,0
1.3472334312868615,0.4082516904325051,1
-1.0884153347806522,-0.7855659298532693,1
-1.6091607037918847,-0.4184390090040548,0
0.2869563583519207,0.9318369791347356,0
0.9810851711368271,0.9091912009584507,1
-0.6132275456821351,1.2524280883150467,0
-0.05690726300915821,-1.6064940711646738,1
-0.6895280605955698,-0.3424770541945339,1
-1.353119859458715,-0.4798440259807747,0
-0.9878937564896438,-1.373716835064572,1
0.5392018198245535,-0.6299361762612999,1
-0.774822179164143,-0.6786928112330881,1
0.7117812560092005,0.10121900815561757,1
0.7556469158692648,-1.5235881808802076,1
0.3260605692895926,0.3026940764540033,0
1.5636671645486047,-0.5748785578098029,1
1.2055365538617226,-1.6991879080422645,1
-1.318857699272693,-0.2521485965856611,0
-1.3845542966385551,2.486977251815531,0
2.381082940111707,0.344634844778207,1
1.5998726115058435,0.5356808231017636,1
-0.3923467472863316,-1.463074741608541,1
0.2032851248298078,2.0134110517053387,0
-2.5708189030350272,0.20944991949901462,0
0.8100985051152741,-0.325719259011315,1
-0.6180615039604687,-0.7206075565087416,0
-0.12324859605215538,-0.4873480804887861,1
0.8875782614086675,-1.6151572339956015,1
-0.6416196531729635,0.5591998757191964,0
-0.8255477326281425,-1.6053443642792014,1
-1.155063814027042,1.6506576382775033,0
-1.1502472560077353,-1.6129075175850929,1
1.0929900793783025,-1.8029983836693764,1
1.6148963731702004,0.32503528727333325,1
0.8841512576165304,-0.12608907149599966,1
-1.0530989552724406,0.19176387007108034,0
0.3894627346074591,-0.8952526486007281,1
1.5871556123552542,0.5684811760237645,1
-0.3698048773485705,-0.7018902835633102,1
-1.855166343407265,0.982178293430118,0
-1.8656480991502722,-0.9376964630159571,0
2.1154525732988705,0.2857124916552685,1
-1.2287927174512026,0.6120081913138263,0
-1.860267959311193,-0.23648819377856334,0
-0.3361491317528813,0.37361812939291394,0
1.565838716869124,0.9775757771531469,1
-0.2791604510102284,-0.4760829651249441,0
1.2258653563676034,-1.5311850648801666,1
0.2196597472187213,-0.15781801019860073,0
-0.5995716969440091,0.12224780902168614,0
0.6653326502148524,1.7384859773976304,0
1.9717103354370216,-0.4261818694108135,1
1.4603353427731194,-1.131928189303688,1
2.024912446761564,0.4410795994618284,1
-1.568791829044969,-0.09862163366212616,0
0.10201954371750807,-1.0054491357798467,1
-1.9464674173495373,-0.4657934774662477,0
0.4177570184625178,0.1271953529176331,1
0.5838630346696208,-1.374622727814901,1
2.394762716093323,0.2922198593334816,1
0.36945361481900174,-1.9198242919205726,1
-0.0077849736366838035,-0.30760512124428396,0
0.28703987439201495,-0.43826876872007414,1
-1.2148677194769866,1.766914373382077,0
-0.1643893394355828,1.7060222202914985,0
-1.8341005285020302,-0.9838673795557622,1
0.22151993910626197,-0.7053693937818748,1
0.8628910482854871,1.096701742498904,0
1.9038603760398083,0.9198662832282583,1
-2.133817208234251,0.3052782419162335,0
1.2745689072840978,0.6534718703206784,1
-0.3070589463589123,0.6680909216038914,0
-0.15726217006189672,-0.5849820742753526,1
-0.7462140686576677,-0.22483264685287865,1
0.053629536072077495,0.5882513578185237,0
1.3205141599543264,-0.6568198116750497,1
0.5947096956446465,-1.8667939504710453,1
1.6021478979608634,0.4059652167744157,1
-0.8240661430265437,-0.44443665015175865,0
-1.562164755286892,-0.8178049703331992,1
-0.16553070493550978,0.5833066147377033,0
0.7524862764611967,0.343998306314039,1
0.49080008209009607,-0.2926649510013039,1
-1.6482325983484933,1.8635569940356769,0
-1.6037057245528004,-1.0042080493364938,1
0.5207732578148417,1.5207774967266279,0
-1.4527833742656986,0.47762914648234706,0
-0.36049996533236417,-0.4796163293898185,0
0.039314237844485976,1.4367271741277778,0
-0.8436518226028151,-1.073712124568931,1
-0.09845735875945431,-0.9608329315097621,1
0.5558517960079921,0.8370154985698981,1
0.9362964280944772,-1.7061565238478382,1
0.7526413694560207,1.617669558227205,0
-0.18191704010307988,1.6134780593583076,0
-1.0408154485327796,-1.6755799148020283,1
0.4688106808240322,0.051542037648570065,1
-0.049267643554388445,-1.1358539614558925,1
0.1027900946379255,1.3811763616751453,0
-0.1037005063814752,0.8330897287165648,0
-0.7198736716145138,-1.5622408279251514,1
-0.31712265460769923,-1.9306095857974377,1
-1.1434760823190817,0.1517564831948717,0
-0.17396141241665986,-0.3735558160804713,1
-0.45870661427042414,1.09407014501526,0
-0.5809133229545703,0.2906217259885442,0
-0.21152406497893342,1.1465671539268016,0
1.3602474105443974,-1.916971236907712,1
1.474175060551465,0.10313237584801947,1
0.08162891682061052,-0.7287886126686434,1
0.779376214582916,-1.6526512763335455,1
-0.17386841807934886,-0.21684439968874447,1
0.6981568563107367,-1.8923584201974262,1
0.14963069603969673,-0.36410971643931533,0
0.2149770831832135,-0.5861045653523919,1
-0.7636698117629973,-1.22650063495703,1
0.7281823290328278,0.8002282524425512,0
1.2121175853134187,1.355292839227391,0
1.0867583023098408,0.6682960357673948,1
0.7340439151417677,-1.3768188281741744,1
2.0657010945284195,0.5719450893085734,1
2.047037902806934,0.5499358969534224,1
0.14011145133794298,-1.6356619430731858,1
0.04727443088657214,-0.8949819767902791,1
0.25481100735479073,-0.6763805300665298,1
0.7610224901502701,1.1326407406813999,1
1.153469106049778,0.3570701421626878,1
1.8124996260823607,0.129758665552906,1
-0.7450737794992699,1.198386608027754,0
1.610359227627909,0.4672687895639474,1
-1.344359343660564,-0.8383747224099067,1
-1.5520964678306626,-0.7748726758354129,1
-0.8459424766927843,0.04934409609134578,0
0.7886813626351691,0.9197729247938322,1
-0.5770046157116105,0.8393988987045995,0
-1.9693379433729992,-0.8250535414093725,0
0.5932052630873786,0.3128948327378671,1
-1.458617040615062,0.6578642146092621,0
0.9014799540937318,0.37850485997429645,1
1.039949116195751,-0.5567994193327264,1
1.4645961917944161,-1.657077496122691,1
-0.2028288466656176,0.677633946453543,0
-1.1477294300583047,-0.34994078261220596,0
-1.6602374241691904,1.3106613483809406,0
-0.16019098066758822,-0.4924309706539997,0
1.9237757658159718,-0.17634801364990457,1
0.07124806228902565,1.8461019466765156,0
-0.10228471202496978,0.6093691613667773,0
-1.452274291171557,-1.0905791674116037,1
0.08992526392100075,1.9575066872267333,0
0.2077797978557778,0.9312703210001353,0
0.206793260174812,0.989736218817728,0
0.4257317673696952,1.981722400984312,0
-0.478911512487987,0.31146794337287065,0
1.2701967719927887,0.4431581016016837,1
-2.300395624995184,-0.6382845729675649,0
-0.04270849637176815,-0.4304995393282575,1
-1.0718056601090937,-0.825801811780939,0
-0.8716578604005981,-0.6472079401104174,1
0.5895888117704032,-1.2415708305630997,1
1.6745702087178849,0.7813380103225628,1
-0.480067802131384,-0.1726754930007908,0
-0.3476547760989186,0.44506815272250705,0
1.232764743271184,-0.4943619013487781,1
0.20536444365375803,0.46274535193602095,1
-0.5347797372281029,-0.024612178197339196,0
0.23036225934703877,1.4195885118750708,0
0.07417542202453076,-0.10799388367152181,1
-0.8905190949815103,-1.2160848668504143,1
-0.5434822832232853,-0.625534989091987,1
-2.514420731581528,-0.691386452562052,0
-0.020660600937805966,0.779630268007452,0
0.13268372500297024,-1.957629139597513,1
1.1035681256471939,0.5512222106920363,1
-0.09280034025994409,-1.5027351462583083,1
0.7923875868992856,1.7450449642660655,0
1.0869009872094084,1.0990508673704318,0
0.2747105316558135,-1.781610685120532,1
2.3267963140119474,-0.36880954691978723,1
-0.08305136644004871,1.0581281416135897,0
1.4910704038074123,0.09093994053434805,1
-1.0810064027372293,-0.7577355975977194,0
1.2977281007600676,-1.3211311149241087,1
1.3620824246550522,1.3413564107256981,0
-1.6203528538081138,-0.9350704006927705,0
0.5789009009101042,-1.9838855119037095,1
1.3279794817475368,0.43973639200363224,1
-0.47319730814082456,-1.2190355607667318,1
0.15466412320930162,-1.1866626955394841,1
-0.2736708137016401,0.2149327388259389,0
-2.1466634616919986,0.29904224673540786,0
1.666249439553222,-0.17208082172180308,1
1.0815013846334531,-0.5211151385649477,1
0.17952905857723161,-1.7670097920570185,1
0.1783064070510271,1.1214166585466252,0
-0.4465960792286356,0.4939841226393019,0
0.7956785379872552,1.701599610745128,0
0.2938279181972252,1.3129149789013026,0
0.18216009986699716,1.0926528930497381,0
0.9197392941398762,-0.6234747309306918,1
-2.308761715653825,-0.5799401126700009,0
-1.1397418211085977,1.9026717054228153,0
-0.4202462646789484,-0.6154865717113694,0
-0.7575201475874592,-0.984510066801964,1
-1.190912651506359,-0.16659066027576627,0
-0.7050879733032039,-1.3902560060298372,1
0.2203654487823079,-0.294024752297634,1
-1.1700071405016286,0.9661287806430181,0
-0.7717823517900417,-1.0342448711333214,1
-1.284647208963255,-0.9312576881649753,1
-1.1464861302775033,-0.9564608162523781,1
0.04096715571861764,-0.7059237961290445,1
-1.6357264005102738,-0.19084018632911603,0
-0.5752818099560153,1.347645140860216,0
-0.9491237424161749,-1.120250458832761,0
1.5444747491162747,0.958550320470263,1
-0.7414069476712487,-0.39307468974602244,0
-0.25434198272993563,-0.498222746792607,0
1.5189279687430242,-0.3850366686745197,1
-0.7583082084109802,0.8662639671535073,0
-0.5213331189860839,1.3445914115118889,0
0.5943033121834117,-1.463361528231507,1
-0.9747604466665175,1.517799039149073,0
-1.3122155094167183,-0.1909889333646222,0
-0.4970075810751322,-0.9108996971283478,1
0.6176302741663661,1.4023280689798148,0
-1.8477906325988402,-0.5715216697271569,0
-1.180959172197093,-1.3170926988577867,1
2.1685662604591416,-0.35326075883515357,1
1.3065541249641435,-0.39236252282815104,1
-0.7608898593118344,-1.5458367935906197,1
2.1129538484032238,0.4111700028740392,1
-1.1086833633014157,0.37408464460042795,0
0.3293645298082287,1.3454964946948391,0
-2.436129971322681,-0.1927453689693907,0
0.6559375015299467,0.020848141439096034,1
-0.8078346522477461,-0.23729064871975938,0
0.21171455740944486,-0.11129685768597845,0
-0.7579351325536855,1.5094546979333148,0
0.021111870989621227,0.5543141971233789,0
-1.1316498386208063,0.3967900897413064,0
0.7639820096148848,-0.3405766690443445,1
1.34735520386722,0.7850007017178499,1
0.6523567692689317,1.4293437565317715,0
-1.872078132862148,0.9731214732435668,0
1.2260884201338709,0.4965417051616132,1
-0.008275792111480502,-0.7640581102312332,1
0.6539385170645037,-1.1815901853088366,1
-0.9763057550164285,0.001828194994282797,0
0.9060970944604866,-0.07230858289770377,1
-0.44519687121841806,-1.344480603315096,1
-0.23076279096167338,0.6088810079586858,0
0.36959355751665834,0.34555173831095,0
-0.6922628010092408,-0.8051295009669561,1
1.1403883603317324,-1.9857670859245669,1
-0.32382602190326876,0.021586098637296252,0
-0.45488772368849634,0.4519668946408872,0
-0.39439199078575543,-1.4773586229853812,1
-0.32077272231717746,-1.736503683755604,1
1.5358739274393824,0.757490969236197,0
0.7989931155266168,1.442975792261727,0
-1.480524667949482,0.6780510282546696,0
-2.095691083299251,-0.24998889739147948,0
-0.3591244140080322,0.9906033186725492,0
-0.5552814006975471,0.05742336842025982,1
-0.6462116879398125,-0.06676572796918931,1
-0.03666667795981623,-1.0410416856068383,1
1.8518499994602218,0.6198074793190096,1
1.2497431503262733,-0.7012368582843898,1
2.041245050606958,0.6703341091326983,1
1.186033705088956,0.8942394999892216,0
0.34136698510251906,-0.8192004816287629,1
-2.2768666737478065,-0.09399117774163257,0
0.8918779722759818,0.9451902854799926,0
2.0568133744501877,-0.2826998096032074,1
0.25984371727912514,-1.4832782227674501,1
-0.45144990768379245,0.036787173382966304,1
1.0331912091408428,0.008227098435312932,1
-0.2894252203745022,-1.3544842698933888,1
-0.3119049651496091,-0.18408189887970494,0
1.0752868153824924,0.5476028969084691,1
0.09831322289999361,0.7987447058325671,0
-0.47053276862405263,-1.140715440025689,1
-0.44741841017501255,1.2633307146280082,0
0.09285579752616872,0.27922091495069556,0
-0.7017575036503242,-1.8867429180852588,1
0.23292245495492733,-1.9549572033430038,1
1.5103176835825665,-1.5016075713905592,1
-0.31970519443965495,-0.24282061276858255,0
0.6592094939964617,-0.2012200673555657,1
-0.037900279369038746,-1.3145046293024816,1
-1.3532234912394079,-0.9767933590020752,0
0.19362165624813765,1.1041646642010268,0
0.9452622685995029,-0.49655276711983587,1
0.030152580680531896,-0.3350193426399187,0
-0.2885422568053351,-1.1764938716450717,1
0.8160784451399156,-0.44059222104523427,1
-1.7619154830134365,0.026859266798073406,0
-1.0927674884019813,1.0816879717606827,0
0.17315235585411287,1.3045937025266463,0
-2.6503210745949244,-0.6954543116600489,0
-0.410131586150104,-0.9132262653385073,1
1.3292488274392567,-0.7130093335801819,1
-0.09568170261450698,-1.0641514124584326,1
-0.8717918898501693,0.3339256375320398,0
-0.8384852243210856,1.7398478707643616,0
0.48015449927063886,0.8364388469359403,0
0.7562909124278833,1.193074518463779,0
-0.7895808518577186,1.217577577009142,0
-1.110212121868519,-1.0728270139594773,0
0.7442160787276602,0.12575323942340316,1
0.5495793493491293,1.2611710546080535,1
0.781053286786674,1.057246004138505,1
1.0718115573555123,0.7054659109496892,1
-0.21751189942158736,-0.4538484485203947,0
1.5542433063483407,-1.402088078489403,1
-0.06874255078959596,-0.874119585984064,1
-0.9307097132806622,0.5711977825215242,0
-1.5554176405984372,-0.765267125965795,1
1.1047246588265467,-0.6986952091438355,1
0.3464360069468516,-1.7762022592141031,1
0.8368337266088642,0.050905556185883646,1
-0.747864711980675,0.8680003210744649,0
-0.4423648701451694,-0.8958597652423007,1
-0.7037549317873055,-1.6468562988602011,1
0.7551446346271861,-0.23314984292700755,1
-0.11865673670129456,0.9006847985689957,0
1.6152377006058156,-1.8344831256595724,1
0.29024805091929456,-1.6194737334610285,1
-1.0188167234844654,0.3531053222977282,0
0.7867420987549525,0.07652993631877987,1
1.7143716864940086,0.6608834202306894,1
-0.7224543000807183,0.37019618125501325,0
-0.7903097348474782,-0.10863598026432733,0
0.24545896360022687,-0.46062966389305215,1
1.9500952879036064,0.9056613829467792,1
-1.6613857301345347,0.12990190302987475,0
-0.9594441305298752,2.0170096268825892,0
1.5025144455270862,0.925520092052083,1
-0.4355378005288804,-0.245359780392147,0
-0.1957207512872566,1.8929674046623333,0
-0.291135655115931,1.6492201152121402,0
-0.3002918043836795,-0.24647922143561823,1
0.02471354945274723,-1.324524277611876,1
1.2488154493728212,-0.3610558983055737,1
-0.01560504510228996,-1.307124789417261,1
0.5692234424043132,-1.459886804021885,1
-0.30933376367030696,0.8472018679655388,0
0.7547587979141362,-0.9343389224202705,1
0.24367549003462863,0.2885308209560636,1
-1.6078868686943075,0.590270799550561,0
-0.34693540294280517,-1.3951207604591813,1
-0.9758706235519228,-0.8514094112299009,0
-1.207388586938228,0.9595321464568987,0
-0.403437731883146,1.7863871649577487,0
-0.21804226073628127,-0.34785977891804026,0
0.10872717015911437,-0.8950584750667022,1
1.3831959090397912,0.12658174375347622,1
1.9070481719207804,0.7362651709630719,1
-1.1273988632245044,-0.7334365336171391,0
-0.15619215161796582,0.07108911621719215,0
-0.1730550558185922,-0.7053795283952679,1
1.5100739607366231,-0.4760637730586605,1
-0.44391010519191143,-1.0050264707170973,1
-1.7490730451322827,1.2005718529494838,0
0.3576825809282325,-0.7860629875966774,1
0.6602318733132513,1.121000403865872,1
-1.1924309272840337,1.087708336538155,0
-0.24094014559690505,-0.7790875301203516,0
1.7299182728276485,1.0018394955599865,1
0.1526935020385884,-0.5399047830645689,1
1.7275720160279449,0.9671808529331798,0
-2.2679094693204136,0.20461327682416638,0
0.6584325205840873,-0.6325378363126588,1
-0.6832500882820813,-1.248514948951804,1
1.4417542110085282,-0.020770668350803462,1
-1.6099519734783916,0.4101804599107762,0
-0.922723633359391,0.4505827231104626,0
1.3035619610406053,-2.011643830527575,1
0.29257430180561245,0.44372053312411674,1
1.4587477342869966,-0.15045436092468198,1
1.233194084531137,0.9621280370700077,1
0.004345939812091894,2.073495056514128,0
-1.1475398113413016,0.8506412083437742,0
1.4238352499720721,-1.6337471264157652,1
-0.3415947371871998,1.784244016634953,0
-0.828939775778999,0.619212488608775,0
-0.031837341097898944,-1.5685927335338228,1
-0.0899306969688731,-0.2725691766435949,1
-1.2296289774912303,-1.341934773571053,1
1.6760550843455555,0.4213009987115164,1
-0.8305326295501564,0.7583956309863362,0
-0.1361737323139344,-1.1555953952667344,1
0.08606898209835714,1.1756246906509762,0
0.8456417814150334,0.5483210149397935,0
-0.5428127811699422,-1.978874611352302,1
0.864795431688752,1.2042534542103394,0
-0.18929670122612027,0.37615227560694436,0
0.10550144955602363,-0.7710015600794006,1
1.4850312125900604,0.3693933249623359,1
-1.1353308321970612,0.2713279810582867,0
-0.22965566864712159,1.0190095169174314,0
-1.1387355337475984,0.005732374655200247,0
0.5090874112778369,0.1387831418579553,0
0.2985606755746161,-0.9537222605785599,1
0.9189905521573286,-1.9834274295993506,1
-0.19055662649050734,0.3196123441813227,1
-0.9371304567268478,0.19546689906030748,0
1.641553690773123,-1.030029120088054,1
-0.7773797657798825,0.3799862644427041,0
0.28199788476542315,0.6314630012306512,0
-1.0319023253638013,-1.222672225564665,1
1.7568280204850144,-0.10666945292267636,1
-2.084801419168886,0.41137360834017567,0
-1.3988727490609139,0.7003269747376414,0
1.0487923872034248,-0.47115851972815864,1
-0.7844833051676284,-0.38253485909503554,1
-0.4893415888219378,-0.4020787600127502,1
-0.15130016277588157,-0.07756647154190424,0
-1.3395152336180682,0.13364615532922217,0
1.0068644566547578,-0.49518792881439705,1
-1.5950980068691385,-1.2369678780988596,1
0.6999746268050763,-0.6659168962821076,1
0.925303408405621,0.8437621181526627,1
0.0009475561224739963,0.7479983851405779,0
-0.893743902619901,-0.8179811922428916,1
-0.17167584592924057,-1.1617927691693917,1
-1.232247283807514,-0.21002694180236783,0
-0.5448967448431495,-1.0193692147888556,1
1.0933083472677128,-1.7950688998413475,1
-0.12146892254878855,0.3055639295552876,1
-1.2929363915031071,-0.5770681604835879,1
-0.17736808450668431,0.8282826094545654,0
1.951695926240285,0.5849810042858898,1
-0.13079214144777043,-0.8977820852684997,0
0.2444348856332171,-0.7594969038870298,1
1.4260746897423193,1.4651274176974238,0
0.8462250702008598,0.5744290675694828,0
-0.42884446878449906,-0.24919121232579,0
0.6338392486034615,1.2335702607888839,0
-0.36754260711274633,-0.16167704437791547,1
0.6596669233201645,1.212670142199124,1
-0.792518779805846,-1.055272437477174,1
-0.12469348209103724,-0.3334830561462214,1
-1.9096420240018082,-1.0539137523450222,1
-1.4334954887240128,-0.6284261420194922,1
-0.5485396538946377,0.9155480531082272,0
0.10696497977922359,1.5069363713053576,0
0.933302231500391,1.2257532714889552,0
0.8657506885656986,0.8841560240066363,0
-0.05753121457824847,-0.8271298542024204,1
-0.47751565096639353,-1.061867902189072,1
-0.3632865247977335,-0.678622044559659,0
-0.6791170302502471,0.4339119769261683,0
-0.1317974521770488,-1.3727482036133234,1
1.5957282964558683,0.0053159541906487974,1
-0.7594476491266839,-0.6923174288801387,1
-1.2355819514917694,-0.5240628498753283,0
1.975884965592937,-0.6094629674004401,1
-0.3030015969976325,0.9036660358388985,0
0.06386047642171848,-0.33983021190863005,1
-0.03419513293275971,1.1852433042570527,0
1.4735238900911083,0.007580411684782139,1
1.0454156611522407,-0.8107725403127891,1
1.3464547188102645,0.2037617177264143,1
1.0316446118278555,0.3395962435339582,0
0.3623918001376858,1.4324252604918488,0
0.8044992435603603,1.2454519166621711,0
-0.2276584987324409,0.6285456614622372,0
-0.17588487794613414,0.7468284101443292,0
-0.20256087965054606,-0.6809005711986086,1
-0.5996503728216263,1.3243256515502688,0
0.48430354907928486,-1.556847616804537,1
1.33571074556447,0.2968647842865777,1
0.750606330262145,-0.15890774977514524,1
-0.6389233523163995,0.4137695843617335,0
-0.08612847395877603,0.5778978049376396,0
1.0793293298260436,-1.2625789029693637,1
0.7394495469898202,-2.187443797980709,1
1.008271997058579,0.6172259127563351,0
-0.30439313769997517,-0.09914799231731329,0
-0.16755604709552366,0.9091520374377571,0
-0.8777132573715057,0.25459739607539567,0
-0.43831069555069835,0.596581039418937,0
-0.5846599361494247,0.7346114090151178,0
1.3759862391246962,1.2279398799913372,0
-0.7648703428185334,-1.451011312775912,1
0.44414430795521803,-1.126730902833248,1
-0.08352141290613532,-1.2810967231819532,1
-1.8771341408607534,0.49519200034542765,0
0.15133830978034915,-1.542701587454192,1
-2.118108326067487,0.2346297769937149,0
1.7621242344808168,-1.4013861304046153,1
-1.4165593402106669,-1.1240430122121658,1
-0.3617215735791983,0.6784566192465175,0
2.1641098892174293,0.40875959031607584,1
-0.852024020342208,-0.5014990077160707,1
0.967330702251288,1.5809239564401152,0
-0.6584990363025607,0.5108488729564947,0
1.0902392711989544,0.40423488577243,0
-0.49804829597237454,-0.7294631579211849,1
-0.11884435110930748,0.9154461026628519,1
1.2217737060376728,0.4904365312723135,1
-0.07939937891128873,-1.7494385874030445,1
1.63515170132237,-1.3101809726817124,1
-1.7295078809024451,-1.1802620092147886,1
-2.260743149635445,-0.8086266955457428,0
-1.3264360659073124,1.3211052606799678,0
-1.3836818855730877,-0.21965464737848356,0
0.14446822945097684,0.019335727554545785,1
0.6618393798788924,-0.21734455430781308,1
0.9858927668544929,-1.611636692999253,1
1.5939145003736417,-0.8143079179492672,1
0.5642034547282831,0.14353369443216987,1
0.0141248441695519,0.32040689709101144,0
-0.38275722868641343,-0.2698784656943762,0
-0.5692318821615483,-0.18725979990815073,0
0.4037125774229896,-1.0900606392873395,1
0.020402072262079896,1.0622407580343618,0
0.31677370962685625,0.7446722718426744,1
-0.8732226165313285,-0.9347316971623479,1
0.06165254677563554,-1.7033782024965918,1
1.221250833029751,-0.9590789910898819,1
1.0035263666975376,1.157862954588628,0
0.30968211957507247,-1.7434620712519378,1
-1.630659001674404,-0.3496088082048662,0
-1.7457479527801316,-0.18499988376539434,0
-1.6415340574973312,0.8764299396554535,0
0.8694201839361255,-0.058350373766609925,1
1.1772470953819045,0.9929692504921331,1
-0.06803478458239619,1.5104188408783323,0
-0.5687602158757176,-0.04120335390227148,0
-0.9616093935029983,1.9856227127959398,0
-2.429885667481925,-0.5430601098023845,0
0.926759382922324,0.5429889011467295,1
-0.04684647719000256,-1.4064086867533347,1
-2.159505944372217,-0.859389436086963,0
0.7274355860893821,-0.1614741566967564,1
-0.07192208553354948,-0.7185213015488444,1
0.7094787419460894,-0.12464529818242061,1
-0.11118677129381702,1.5949828046175814,0
-0.3160042185427052,0.06539276633816579,0
0.435334923843385,0.9029985771176857,1
-0.44274616518525217,-0.8319406008082172,1
0.7386208054381516,0.618021452381321,1
1.073287953712127,1.0841536787085269,0
-0.13814830056822466,0.1526787065958644,0
1.2451095913023633,0.8464402282435123,1
0.8089396085530235,0.08272760995433519,1
1.6776319273674873,-0.11508503889106601,1
0.6262483792499909,1.1168397924264806,0
-0.1972604026761543,1.4695246316992965,0
1.4316718829868729,-1.4023111433489373,1
1.0198627398417606,-0.3029465690569417,1
0.6937347476701164,-1.4531897436244026,1
-0.8516752954173067,-0.21904622479067987,1
-1.331368615263446,0.10161754246271375,0
0.5389000824797157,0.1784998792719731,1
0.11357335589024316,0.09196016185390622,1
0.5436503297918008,1.4137450538211065,0
-0.6318781058561248,1.6047396213954788,0
0.413169375310063,-0.8998972291514233,1
0.3854134510405646,-1.6742334615014762,1
-0.3177033820732773,0.942188778462441,0
-0.6720011609641849,0.613271689339775,0
0.6103127195859614,-1.9928209553891314,1
0.02398333310514255,1.8767954892100205,0
0.24400115045230203,0.9834153876518291,0
-0.12887939583375874,-0.6525289576358371,1
-0.9702376863171026,1.677704302253388,0
1.7636378621871323,-1.4196168121307913,1
-0.8992612423493319,0.25183042691263624,0
-0.3196410406087692,0.4954650917544309,0
-0.17962335159810458,-0.6490929582204783,1
1.1682748698573433,-2.2578666479203187,1
-0.7740665767654367,0.7870948397578212,0
-0.11775928157920394,0.8714072841010087,0
-0.6664074173553118,2.0325428006550266,0
-0.27105677958187446,-1.2497568865345985,1
1.0709559061469456,-1.171835502661109,1
0.597212548252784,-0.1515470882163766,1
0.03831177477664942,-1.7994238377695402,1
0.07304002224116078,1.0672742580112269,0
1.3445987482030664,-0.9703807591137991,1
-1.84261514984466,0.01634675788113896,0
-0.9849500202761768,0.9203807187605287,0
-1.4642456332771518,-0.021997586368745232,0
-1.273548443261131,-0.5152531350517202,0
-0.9381206274282058,0.43004680067629375,0
0.12763754430028976,-0.8651364765019772,1
-0.5665142842150672,0.30151919579422004,0
-0.1263104051610653,0.9553804593893277,0
-1.4143554511655125,-0.7760145955951394,0
0.5243274056642839,-0.49325187640854945,1
1.6661391521366091,0.25500426235174,1
-1.2576269457372136,-0.38680311527705985,0
0.684921947871235,-1.6570956995811355,1
0.7986405965682403,-2.026987250674032,1
0.33645621491455135,-1.8647163512206075,1
1.3696569936177885,-0.8994380664016306,1
0.5891203328446626,0.6530767909574845,0
1.7164351174395212,0.7915277612604451,1
1.1648924351981516,-0.5224918485902871,1
0.6531969992241432,1.5592208955580673,0
2.773616645091515,0.521477897442209,1
0.29443696591210833,1.4086842921381155,0
-0.39278901848652387,-1.3217969647005268,1
1.5516779944381873,0.5796458806554529,1
-0.8055111590285534,1.8112361696261385,0
-0.7397857812303353,-1.5486549032275865,1
-1.202700231322628,-1.0364592383143607,1
0.7065697018424486,-1.214156740135784,1
0.6825825186176895,0.8197568402435352,0
-0.17490509378524982,1.7488033005016907,0
-0.1614203902936224,-1.4830977897304953,1
-0.5450844249388392,-1.6119182327445505,1
-0.24351083114540786,0.2346502863054096,1
0.20073967179618774,0.03674418491304319,1
-2.8251754900152712,-0.306310933721221,0
0.8337050118492741,0.2979809814702559,1
0.9589106685591475,0.9977400454980808,0
-0.5625651214028781,-0.6830171284393811,0
0.1708798335447755,-1.9088705145632607,1
-1.0697200428627416,-0.9974755760884593,1
0.041987543703250856,-0.6101082125839151,1
-1.1572791412719152,-0.658339675090486,0
-1.1467653115334713,-0.9345658080078153,1
0.8538742347482475,-1.120974983179152,1
0.7935264059355954,-0.6127609451904656,1
-1.6286002672975886,-0.9796133158011423,1
1.942218107253469,-0.7533409749128516,1
1.678349055788285,1.056718262830999,0
0.3845195719579725,-1.9641640366400819,1
0.39141620425888507,-1.0301194191645682,1
1.5800688634681728,1.1579873323426892,0
-0.5160658279181292,0.6134498494093579,0
-2.111112153824323,-0.783427346874286,0
0.040062127348071845,1.5800911880050426,0
-0.09663135975346256,-1.094048786440014,1
-0.1410101321048298,0.23228567729083924,1
-1.8099202124879508,1.4411906179719385,0
0.7304941123794005,0.9017331145564484,0
0.3091882928345224,1.4429930326327125,0
0.07331288235966742,-1.8245213647127498,1
0.2563385588077478,0.5981925077487235,0
-0.5138134107248516,1.1141403258310947,0
-1.2165253120918842,0.37550406075398807,0
-0.3427311653785523,-1.4760153995296021,1
0.8649733818617458,0.5513038938783731,1
-1.1439987549680584,-0.5483526877500189,0
0.5285814644132395,-0.5522584586489102,1
0.28219505838913583,0.7795671731671495,1
-0.3704524422501689,0.8054984360521007,0
-1.6118324632127412,0.9765743312385151,0
-0.526238018195207,-1.84637947887456,1
-0.7122647616509541,-1.388956734657529,1
-2.250414389737931,-0.7085970659067297,0
-0.10557422991891051,0.7493895384029687,0
-0.03139715295341641,0.40935295769298796,0
0.2563198352073233,-0.10518434793842625,0
-1.5458822355556165,0.6359133963916055,0
-0.6270454540530063,-1.3495585472257117,1
1.0886306801183603,-1.2208487921555724,1
0.26908378478257167,0.2132101201029539,0
-0.7894968978702656,1.6286678888994637,0
-0.6279008571471272,-0.9870552330015987,1
0.6154756431376751,0.8092088530030965,0
-0.786021270292499,-0.8185262914898926,0
-1.5789537937238503,-0.7294593455054825,1
0.6549463487533427,-0.49103680470616157,1
0.08368679068606644,0.6639128892720507,0
0.9997711343376386,0.974334115218774,0
0.02402724802008065,0.6849494587429391,0
-1.1069603354887856,0.45249614598933124,0
-0.1967828461504943,0.8295757229681052,0
-0.4015237835778016,0.23005438844061019,0
0.4504064220907875,0.7919355898133916,0
0.4319515664101586,-1.6366739770593344,1
0.5350175945957591,0.8905974312075251,0
0.9730741758826965,0.3163629974474886,1
-0.27943234805667905,-1.453346138516102,1
0.17663809395599658,0.5066309043464758,1
-0.01700010397782468,-0.11311954623151994,0
1.2238706777785664,-0.4329165314687135,1
1.2526380376210569,-0.28386827732524456,1
0.26236284617651995,0.19528565060098046,1
-0.29520097802899165,2.1063414623570145,0
-0.3166326453009936,-1.368983861740634,1
-0.3482530002741747,-0.8572059663084376,1
-1.075815954295373,1.0642325974146447,0
-0.4548838907792035,-0.2980508145510475,0
-0.7666257636415754,0.18570462906554158,0
0.6623607247720402,0.8174570409630676,0
-0.7781707530229637,-0.8579572532698452,1
-0.017782443906524024,0.19653007962768787,1
1.5176283526219245,-1.864705614402209,1
0.1116336293820755,1.3922716443687906,0
0.17878404286446595,-0.5844117067569706,0
0.6178699933844068,-2.040244022209883,1
-2.0691365072146013,0.3008552983015592,0
-1.9392494827412077,-0.32460445639011604,0
2.5444636721079,0.11507147457368198,1
-1.6959421279334344,-0.4885816187772393,0
0.06801194182342316,-0.48375861731098946,1
0.36797104737367614,-0.041077685466676964,1
1.1300900794696818,1.4789689239763164,0
-1.2935695454906364,-0.4560357440389022,0
-1.0137007095356372,1.1395078417474478,0
-2.0356249576960694,-0.478643708504118,0
1.3134784851093653,0.5427936210919974,1
0.28179439671705564,1.234834436678018,0
0.23925742534840846,-1.435285842441066,1
-1.4542788384299847,0.769010636655096,0
-0.645335313803512,1.2663345009058415,0
-0.14820079594146396,1.7714664749753386,0
0.466846348468456,1.0559102878625317,0
-0.9635792705411459,-0.41977396173243037,0
1.3035819928623524,0.44085558258495383,1
-0.11752290379020405,-0.09382412793210006,0
-0.7092857031439167,-0.6833711247063583,1
-1.49348276162193,1.2835909230279998,0
-1.6246629962395476,-1.0170289745109529,1
1.3093993703708808,0.3665216181465745,1
-0.7232420439486714,0.6054434092770276,0
-0.1614567330826984,0.6639420853963351,1
-0.9100817598157349,0.20440172873686052,0
0.10114317789278862,-1.7224505957027303,1
-0.9093971521914143,1.1550922860975614,0
-0.08964342326148036,-0.17880737349145576,0
0.2461366937699602,0.022491239559649268,1
-0.23195707031335258,0.28258564691084204,1
-1.2626018296056598,-0.2651576002444724,0
-0.7941143076668175,-1.4873057431177092,1
-0.36078488472484255,-0.003868860033011962,1
2.558768654428671,0.23891806549739505,1
0.8468774014383681,0.5540477677038302,1
-1.1302891169051528,-0.8220281884179789,1
-0.021444365748453716,0.5427979803530835,0
0.5223940926790034,-1.92844703323806,1
-0.7078396253663544,-0.9191528381160307,1
-0.8705214409426217,0.28806107046176815,0
-0.35011056456531775,-1.3410663962799545,1
-0.6295168186626872,1.471369546480967,0
1.1209019592914837,0.9425428791657361,0
0.2819469590529094,1.247640514665136,0
-1.2752022157598946,-1.4847798739774603,1
-1.488642398894357,0.5184129119155024,0
-1.2688676666237202,1.0042735944117371,0
0.32286036001935997,-0.6842146171567225,1
0.8533233465518864,-1.4252266641265163,1
-1.2914905322155317,0.9069429319176439,0
0.6742987367799043,0.26739582059876044,1
0.8999401540623196,0.4289026726463858,0
0.5234460297970879,-0.9642225593435293,1
-0.13005256217829017,1.549556417270724,0
-0.3109153410431795,-1.0132422589860763,1
-0.8076600363386591,-0.4252694035361844,0
2.361169570953472,0.10282890196995416,1
1.0953413806717003,-2.371078121379029,1
0.1064587287923412,-1.913057910375927,1
-0.18004712580920265,-1.7018233029391594,1
0.27795943989415095,-1.7718556945279789,1
0.7863583081852462,-1.080584129437426,1
-0.27326064795335314,-1.1181454430008186,1
0.8991767001419627,-0.7345314695734553,1
2.2842472205457844,-0.20438397915312595,1
0.46027546400683006,-1.2776104432071063,1
0.3464587478738143,0.9571131622572879,0
0.2601998397726343,-1.7620831633069096,1
0.13567849414695185,-1.895653827078331,1
0.7233715886464243,0.6548416597851586,0
-1.4587947267549806,-0.010629631240510714,0
0.6200329472618015,1.57542769068352,0
0.21595103844551425,-0.3711109550630348,1
1.0852547456172026,-1.1548228528896647,1
-1.2958400205637615,0.8427161981643928,0
0.8630916835756152,-1.681630395831719,1
1.434747218072996,-0.6620430284998475,1
0.3466073174239476,-0.8591762717531682,1
0.06283204293298975,0.5086902959785172,0
-0.2870090419777692,-0.005759956216987859,0
0.39157895040355795,1.0651264433929255,0
-2.407128933248427,-0.34287688230729707,0
1.9553224802183187,0.6178837382032,1
0.5783728156286091,1.2922702811554798,1
-0.8407685496378807,0.9655092954600205,0
-0.06835531835670752,0.7753921729709952,1
-0.1666189387602568,-1.5547616634382955,1
1.1291063889824895,0.9706644166831067,1
-1.5019332844057363,-1.1894679261994854,1
1.769157487944947,0.7443044908198853,1
-1.0930895757941104,0.14134793701283307,0
0.3616091411729183,-0.4827849774938107,1
0.41135848394738495,-0.8768123003317089,1
-2.159595479336899,0.09758334725139163,0
-0.7767310401638904,-1.2021118303178728,0
0.9650059627437236,0.7482612828663319,1
-0.20392311543363376,-1.6280096056972033,1
1.8350731509339138,0.6751655373145485,1
-1.56139277328005,0.5661813508646873,0
0.11420870215485891,-0.5390025928288961,1
-2.339266947782233,0.4422744252936553,0
1.4725073494302474,0.7189911350642391,1
1.6198834404508977,0.058127271754973994,1
-1.2873677937126893,-0.31942540592059965,0
0.2234452154683692,0.5190663878928727,1
0.7095216952451032,1.4948611256430338,0
0.7061928176296547,1.413123253504018,0
-0.21689260419857084,-1.4539022634387315,1
-1.4131773405047945,0.7352919921467787,0
-0.34912360469519066,-0.15563146856808072,0
0.5771009489074836,-0.7643651561157747,1
0.40833161000410895,1.0192490856031122,0
-0.13736055676802772,-0.44273206961707773,1
-2.1807587735223635,0.03078118640949843,0
1.8149259292572242,0.40251677342163694,1
0.6186241856003366,-1.4055275436388943,1
0.07048966859702141,0.6836581519957255,1
1.9816996486905307,0.9828954082786369,1
0.8094543978716703,0.6092376705178328,1
2.0870998504382063,0.9056185809184981,1
-0.827723510739536,-1.1059955257320597,0
1.8239012119203597,-0.9676582447539382,1
0.9276137765330443,1.5994270195062754,0
-0.6991946909703849,-0.7131650444949162,0
-0.2972189775044158,-0.463328656595404,1
-0.21822121641341,1.5110500367200506,0
-0.6823055233226083,-1.0725203740806457,1
1.0283963651219274,-0.7336942578173585,1
-0.1095777762551319,-1.4871936701949708,1
-0.6998242314192908,0.5640820402574328,0
-1.2535385287261565,2.073816675078874,0
-1.0542850319648618,-0.8033297440196531,1
0.7684215045337673,0.9580239535386573,1
-2.105710741569411,-0.3861618713874522,0
-1.7836224999613806,-0.36714244521102607,0
-1.0011492744732982,1.1974276970090547,0
-0.9742583365833879,-1.069620536200556,1
-0.002295897295602992,-1.9230327021790905,1
-0.3995754056421795,-0.3392483609978584,0
0.5175369530090442,-1.4495264484642323,1
0.5079521240195455,-0.08770753362298407,1
1.501145340759098,-0.31936798250173554,1
-1.8683289819024407,0.40540780304109003,0
-0.8162341295310614,-0.7356606332931124,0
1.065000559329743,0.7677837600310319,1
-0.6350267120135974,0.5228336012569754,0
-1.6244532891713084,0.29592024560820546,0
1.959900207036416,0.8664284379814935,1
0.37128059012208614,-0.781274278054826,1
-0.7204518770612385,0.9779908610241005,0
-0.845477131436095,0.878680507963635,0
-1.4687247292900307,0.6599805759537577,0
1.5347582369571922,0.9574419991959502,0
-0.1291353215357839,-0.8533187003883992,0
0.8001394215387716,1.6254638464741538,0
-1.7280828616789476,0.019156157221253373,0
-0.9161324517648878,-1.3012819660162402,1
0.3207714455384418,0.6294620622809679,1
-1.7770906181164197,-0.8901915076621156,0
-1.545858101972422,0.7125515794214988,0
-0.3785592064627028,0.7161945995636938,0
-1.6320801481584015,-0.6783241310828888,0
-0.19150776450736665,1.956527316913181,0
-1.373285499170384,0.8060266614330749,0
0.14658834632921655,-0.48486753784822595,1
0.39351605536477396,1.4536140021067359,0
0.21016484226727683,0.32197750036622236,1
-0.8138387446378742,0.29519921099344576,0
-1.4542696746479156,-0.8398893547835522,1
-0.036331404959312995,-0.859633752078947,1
-0.871392322198123,1.5733631984304517,0
-0.8490929379720765,0.3881270623118292,0
1.3827519249771878,-0.17913106208704688,1
0.06476395908487181,1.5422060451074355,0
-0.5628006398880813,-1.4734648123443328,1
0.4276462155950426,1.0302715100649398,0
0.5677713535915064,1.148121615237835,0
-0.14708018733364864,1.201872060604424,0
-0.3424558644304186,1.2379706217289248,0
0.12089240123796477,1.2634953808637452,0
1.4228693239928896,-0.568019469283799,1
-1.7419076053952385,-0.619214288433447,0
-1.0472706965656267,1.8935761183270572,0
0.9526835088502085,0.5584449928577856,0
2.183047201122783,0.7256545891585039,1
-0.8672854702438446,-0.329680875598686,1
-0.30489702920131084,0.7702361860454267,0
0.2129736432813445,1.6606121810572902,0
1.9467457349293797,0.3123872741082008,1
0.3513761707042692,-1.1631565115991487,1
-0.9592163468497835,0.8536698258344321,0
0.011637457926084305,-1.597237887308075,1
-0.5200825937661008,-1.1517943708301537,1
0.40047338814545774,-0.395973500077783,1
0.7537429000826751,-1.28977945159632,1
1.1583454203000876,0.8326119931706444,1
0.6664492503221969,0.1877626843672592,0
-1.8114996125147467,-1.0659692700283394,0
1.2347804199996357,0.3063791542355301,1
-0.21936519965875578,-1.2446986291899178,1
-1.1553448902347971,0.5472549533251166,0
-1.2588506258291323,0.3310062977553743,0
-0.14501411680802048,-0.41153124463120677,1
-0.9725775414629878,-1.3484995866541885,1
0.10191338625974916,-1.0333238330267192,1
0.5660220850743087,-0.29171466759317244,1
1.6320087403535564,-1.4199075914718857,1
0.8983183091550628,0.6010868027728814,0
0.12047103438300101,1.2513305965224155,0
0.6441075935890724,1.4267657852362718,0
-0.3926337609918728,1.9550061169880864,0
1.382838437618991,-1.2086298748051911,1
-1.8567785502806207,1.5732941264563651,0
2.137893127999051,0.44269746945615124,1
-2.4293687148722167,0.28488120708851905,0
0.64141932436876,0.12304308959983627,1
-0.7519456301179455,-0.7174771578731116,1
0.8336414023831316,-1.667553078526164,1
-0.9366927122171524,-0.7058427665347559,1
0.6117228879199804,1.1771216527690158,0
-2.0489313548812973,-0.7061389042945898,0
-0.9540673254479086,-0.7005121077993286,1
-0.5363381690985216,0.20896837386059539,0
0.8264403889544769,-1.0668237524807371,1
0.7569641705225623,0.38810327339515827,0
-0.15391092690787497,-0.1678437832845889,1
-0.3677505631170251,1.554974203053819,0
0.16015408422866656,-1.194875211582644,1
-1.2680756375272375,1.6141612133443421,0
0.7504210799485533,0.7562664579788698,1
-0.16539695824112902,1.9670323977184556,0
-0.003537262443900007,1.2011885468549717,0
0.03334049056497281,0.455855350065775,1
-0.8671899869415081,-1.3778108932873034,1
0.35015781402385526,0.5145152120422387,1
-2.479507096804531,-0.7474780138922328,0
-0.8774456738786007,0.4295696851954826,0
1.1706082247525218,0.5656658538721667,0
-1.1026460009407455,0.2513364525918202,0
0.06883259190374226,0.9024680225756851,1
-0.8632260854228849,-1.5393385415673737,1
-1.3300467788808554,2.164506507397838,0
1.86373612512881,0.2442239165670792,1
2.089541866249027,0.8661757284311036,1
1.431144607572099,1.3134052056822065,0
0.6342464048087889,0.7371847194667678,1
0.9458628196662894,-0.23706697717301503,1
0.250197487687969,-0.8930457268757261,1
-1.5744193894801155,0.7444832840696521,0
1.0404933454123793,1.1154034787188043,1
-0.7042840169568443,-0.22574573869753625,0
-0.35972028016715135,0.026346330103747855,0
0.038030248052629285,-1.7614116953894652,1
1.483308192892098,1.0759397863102833,0
-1.582894762165364,-0.7081289656074351,0
-1.1813368466099046,-0.027386223211356447,0
-1.493772357154191,1.8878813146425701,0
-1.127410753982264,-0.5259460146112347,0
-0.3206209575824774,2.016561599650622,0
-2.09922850208964,0.1142170500378677,0
-0.14324055832794755,0.4311712425409361,1
-1.6692234854774688,-0.9792279253935244,1
0.8092936181257886,-0.5837656678732435,1
-1.0810423774260196,0.9793094190689838,0
0.2361565824618985,0.6992056619581805,1
-1.032127128700011,-0.9354825096395517,1
-1.2252862416622377,-0.9778556905633353,0
0.35089784466403323,0.13371631257968122,0
0.9934749970733361,-0.34114643323945626,1
-0.5381453520785388,0.5731014063117499,0
0.178349924198384,0.46613082180183435,0
-0.23402704553029718,0.9432301334164851,0
0.4700764592085684,-1.5590986990577445,1
0.669732746877333,0.5319161551008383,1
1.513218026613075,-0.7660615859998139,1
-0.14968294317428346,-1.0175890459329662,1
0.32443578736575873,0.9250271608112675,0
-0.9940406422053193,0.10611976955881496,0
0.2420575348880111,1.2162184407744765,0
0.7045696774266929,1.684406290479394,0
1.2561185607272216,0.747714323544919,1
-0.5432952204832934,-1.0415821149095752,1
0.4101965168601013,-0.38820186409036406,1
-1.21629431035395,-0.8933552334223601,1
0.30230425696952384,0.777568150720354,1
-1.275212435978604,-0.5575805557920016,1
1.1557762592267504,-0.753614521799659,1
1.3862010549523023,0.8665800352287573,1
1.2056704856196496,1.0567680395008654,0
-1.5008264704018823,-0.18007715866279803,0
-0.8397163761191363,-0.4562706403745645,0
0.512999220959423,-1.2723759399227075,1
0.7041789131143583,1.2602405017453961,0
0.13914396021159547,-1.9575459153022627,1
-0.12925100177000884,-1.3321697107249908,1
0.43822224742360005,-0.5659211918271015,1
0.003655375328434755,1.6081175253056235,0
1.2455235848363742,0.5152623032906182,1
-1.3184572616992076,1.1857554219090989,0
-1.2926246426369425,-0.9896373560200182,0
1.9096156446092534,0.5110671916701081,1
-0.14164352413397632,1.7756462958988393,0
0.9019832441616298,0.9974294036446435,1
-0.5370402902890412,0.43546042241800964,0
1.3864417840271392,-2.045167342214466,1
-0.6208995951407299,0.469143161581182,0
0.41288538529842217,1.0221432148166827,0
0.09968949767347568,0.49835050718823765,0
-1.2224481362726,-0.14470371142627556,0
-2.6316323769095495,-0.23011887301920672,0
-0.29569507068261097,-2.007168928737337,1
-0.5083203916024508,-1.1929164044860887,1
0.29852246154571666,1.103482263015185,0
1.7968163343845898,-0.4919036541396243,1
0.2488618592716484,-0.6057428524229393,1
-1.0656366974856166,1.2175861700916906,0
0.21383422734360377,1.3396982068909062,0
-0.5544786391117901,1.7130225387756808,0
0.67714566482116,0.13934820100043724,1
-0.5303668747346557,-0.49282934415719026,1
-1.544122660296902,1.120338639267155,0
-1.278906589890319,-0.3545935984741598,0
-0.2322647213124384,-1.0224206817236918,1
1.412416928841304,-1.7775389945610618,1
-1.518404253188678,1.1529925845453124,0
1.1624906126376302,0.7311040668460701,0
0.26826948698847763,1.688040599685513,0
2.4377925323240053,-0.22756688432643402,1
1.3046004815232555,-1.4466601035141926,1
-0.11773649598492618,-1.355646462145615,1
0.18003861995845524,-1.6528344478310566,1
1.707922602189019,0.8853148238759604,1
-1.50167082327244,-0.018326221800350515,0
-0.2714279278932598,-0.5550124485179939,1
0.1397817468209199,0.5349208972384182,1
0.9684553436598354,-2.133576054989838,1
0.7703223712603383,-1.0760031692058651,1
0.09156258648520622,0.7231689421071477,0
-0.724067773896616,0.11018215187538179,0
1.1273486043997025,-0.8830409891762102,1
-1.1195382986065936,-0.7930746778161429,1
0.23289572338039535,-1.360644417348516,1
-0.1397997443212397,1.711344681651605,0
0.09932643927834373,0.7465761241044462,0
0.1344935092092115,0.694170771024614,0
0.869903260701543,-1.5305909620106963,1
-0.11111163619476247,1.0985987459137492,0
0.8701394096351813,-0.5133312879097736,1
-0.23798289650712418,-1.9708589882250056,1
0.02863365097970565,1.852620831561563,0
-0.97365868037125,-0.32001255389466887,0
-0.5081373898192607,-1.1501370247730591,1
1.226479838374473,0.9353155933618666,1
2.112803954132771,0.7164067319268956,1
0.3898503797760635,0.49172283110246984,1
0.3669251926359568,0.1297404244179311,0
-1.201409802470488,-1.049890055177502,1
-1.169229431131682,1.1698911299143966,0
1.5362696745920639,0.8262504899811093,0
0.6681125439406408,0.8239825122644602,0
-1.2322563736922014,-0.005526915817949801,0
0.5193155485326616,1.0831657723432022,0
0.27643756189011565,0.47630218139319314,0
-0.6514230772892131,-1.6811755460782538,1
-1.0521522694449366,-1.176001851161342,0
0.01892761697973368,0.477887707873555,0
0.4863024336389533,0.9985850104660772,0
-0.7725152867524738,0.5813723062995343,0
0.8532173781642355,-2.164164710435515,1
0.8042067997712244,0.8645972063402168,0
0.2753063863209643,-0.9926699062311297,1
1.313939313679398,-0.9232782688578494,1
-0.5039978704895908,-1.2923408829820227,1
-0.2954211331262341,-1.4814860588082548,1
-0.2016491485699156,-0.2485891688303367,0
1.1227095488967396,0.17705596704426124,1
0.687119811039476,0.6231208603813978,1
1.6987082917385894,0.9788840851767642,0
0.03720229819247051,-1.2762176142605763,1
0.9021595416954337,-0.3294321408636907,1
-0.14523123783314845,0.7969189240906086,0
-0.2710805860959819,-1.020948045781895,1
-0.044504055278607464,-1.7165776289237782,1
1.2622584917081243,1.0006852897813088,1
0.08130894680196692,0.6551087177714157,1
2.064983580048006,0.6290576961769337,1
0.31182362359764926,-0.712849760192387,1
0.24215523105729836,-0.42970369910879425,0
0.2748908059529015,1.0749391779885726,0
-0.44866514159691356,1.5492722949164912,0
0.11674236819702802,0.3098684387296566,1
-0.6029624786410313,-0.4885340573519936,1
0.5642532260659655,-1.5787720907516165,1
-0.20973514891504852,-0.48382431824630845,1
-0.3812916314483593,0.026185712584818947,0
0.7833440157196834,-2.036987287836407,1
0.6221026167963356,1.0530066389273225,0
-1.7815675387435377,-0.5282419029488188,0
0.19560536739607923,0.8590965835395483,1
0.0929997174549311,-0.7182030292420536,1
0.21209114273934868,1.471970931356209,0
-0.3054755846188931,1.344034441724738,0
-1.0943430744187301,0.4864170718057742,0
-0.4571233531797107,1.175172021256083,0
1.5127962613496342,-1.3445793799948202,1
0.78224912247629,-0.8108670046182955,1
1.153771016280892,0.9284458729808824,0
0.1241565080697665,-1.1342102871417858,1
0.9729116592093288,-0.07904796176895595,1
1.5735333733531696,0.8911911566169615,1
1.1909973031030574,-0.9073836851817294,1
-0.10851009953726957,-0.8043336888275106,1
-1.3682685418896652,-1.0376999767941795,0
0.1352115860538026,-0.15780460847710656,0
-0.16538120483073296,0.10303536401220863,1
-0.16763122639032615,-1.08938803575547,1
-1.3705850261311134,-0.04343483302807035,0
-0.7889315844204373,0.6192116380325405,0
-0.03755747671165169,0.619235473469142,0
-0.9513662188714523,0.3159054304832525,0
0.20619556953970083,-1.7184778866433448,1
1.6038730401907284,0.7747850446303906,1
-1.2587633024214355,-0.883812061619002,1
-1.2905711849513328,0.9601087956865715,0
0.001515750302937294,1.0739174630601105,0
-1.799753828464422,1.2216612787202967,0
0.5787729416962671,-1.0337069458572559,1
0.18407372563241792,1.5567584375180366,0
0.2141033795754694,-1.6647321929255714,1
-0.9995529016720079,-1.2868237860922949,1
-1.2818357439056678,-0.8619504535857525,1
-0.8625675521136682,1.352554408367428,0
0.8536522353838685,-0.6785117053231077,1
-0.4615834159877172,0.6926072156742343,0
-1.0255358023154748,0.995510897251883,0
-0.2869463020053029,1.5014940292467889,0
1.1924609588069142,1.2141194651484157,0
0.6207622191637935,0.4045457421748094,1
1.8356628912730921,-0.3385772484574763,1
-1.073203045036707,-1.2322657958294556,1
0.7452984230388674,0.6620030186912054,1
1.8633766104575287,-0.08698375946842177,1
0.21744269662815527,0.608613312694786,1
1.9546392897118723,0.09033733701669455,1
0.40644750095432935,0.17754908266669825,1
-0.4273415157189541,0.6372508484958979,0
-1.5524950977580705,-0.371248353708643,0
0.6339231144937111,0.22974258747609894,1
0.6073881635696604,0.00020407873990483153,1
-0.46225932322161944,-0.24318088257111442,0
1.7224877025551382,0.8463699748836465,0
-0.8251065153029511,-1.040526022732766,1
1.2467001030370921,-1.8612992960299493,1
1.347219949000518,-0.6675810846847572,1
0.217502967498007,-1.2227689798868744,1
-0.2969424005820357,-0.7489103138953225,1
-0.37903198144882694,-0.20227952618507813,1
0.11327983033156025,-1.0713754095259023,1
0.5639216407275729,-0.28413226912684647,1
-0.8576647543642056,0.5406661693304305,0
0.057640416645077304,-0.52446444800658,1
-0.11473538326402338,-1.6604491181269179,1
1.52665867339859,-1.225060430534079,1
-0.4809129326006734,-0.5113249272473025,0
1.2722129059690521,-1.6828617418543348,1
0.15415480122521494,-1.7603716105802147,1
-0.14092720223970953,0.658963352800729,0
1.0540581145059513,-1.2665362131022415,1
0.6481711434232982,-1.767147508871319,1
-0.1620604782558986,-1.3121594708791744,1
0.46518777011822665,0.45380157520254544,0
2.165657375108862,-0.03563911314137663,1
-0.6134002632095362,-0.35506433512231345,1
1.146639282305891,0.6468367595691138,1
0.5734546818151054,-0.47859480031333657,1
0.5135295391675764,1.1676877003061217,0
1.2247169289358597,0.6769945488052588,1
1.8648242714299625,0.24986373111801527,1
-1.228561789968672,-0.3667147015299569,0
0.27274451944486533,-0.7123353486308821,1
-1.1755219677355973,-0.6444229608594442,0
-0.04427308805316741,-2.1055472112427633,1
-0.44558777394058197,-1.7885173575943847,1
1.18700601393274,-0.9312893394528664,1
-0.8624450149521319,0.23905470734474235,0
-0.6299743892965245,-1.3417083378956527,1
-1.2459980940848774,2.1260390738541295,0
-0.9137403799134407,0.8141427615298278,0
-0.7875481360321113,-0.5851566559913912,1
-1.0038872651721211,-0.48527266097038,0
-2.2309673878048235,-0.9293447020391259,0
1.252955484138435,0.6943234109040357,1
0.14912365246640075,0.1662521481382956,1
-0.2342237895894524,1.8318322822126403,0
-0.6397969548718859,-1.4568865445465604,1
-0.36926602612562837,0.8981663158550548,0
-0.23819636427585356,1.1208327166543113,0
-0.6686797135457573,-0.5680575107962035,0
-0.589514490478263,-0.704263766372469,0
0.5670424224322856,1.3202752931636201,0
1.5330578454436166,-1.5393407531679395,1
-1.428997551809395,-1.3843250972916943,1
0.7500630505014878,-0.5252483405350431,1
-0.2235697160446689,1.7115277624038725,0
-1.4452681804210226,-0.9343936712041283,0
0.8983600980565289,-1.52276190645494,1
-0.35815853430539957,1.49123595375444,0
1.8744298548668472,-0.17597229585037796,1
-0.47951305434477204,-0.0028593992108656703,1
-0.07681588631956042,1.3724891563343122,0
-1.2415747294272255,0.35754678779495674,0
0.21333387704461357,1.677243491856565,0
-0.7015662400910067,1.7899943342843263,0
-0.3517747019462058,-0.6312473461466587,1
-0.7869361404958737,1.2660919820911938,0
1.3135886678820983,0.013067222434742686,1
-0.8212373029931331,-0.9992086731392125,0
-1.184536271004405,-1.184707569538875,1
0.6433018718565723,0.535766669959388,1
-0.3401813251803181,-0.1341705345626852,1
-1.275516451524805,0.0354192790977254,0
-1.4129938957621766,0.03252828486390096,0
0.8028944875133005,-1.1244141438977295,1
-1.3672997440416494,-0.9365856804407257,0
1.342223702841322,-1.503053856370291,1
-0.05729585175642254,-0.3439038651096808,1
0.39229049059594073,0.30933909232604023,1
1.7256769205334284,0.631660516747665,1
-0.7475005210616995,1.211717988297452,0
0.9876592008432212,0.8075052630100361,1
-0.4838908090242794,0.5296955655167925,0
-1.0453832998972257,0.11745451291386465,0
0.25996907360369437,-1.7784176237173988,1
-0.6743508373344104,0.3227002741381389,0
-0.4065380653176607,-0.9984962372120135,1
-1.3216604699307346,-0.8459118844827422,0
-0.8713314479360329,-0.6966353884009325,0
-1.327361426922766,0.44077228924711476,0
0.9308688717265307,0.30269862722776764,1
0.5756900778992953,0.8032679880192388,0
1.0943337307232417,1.3668333899095222,0
-0.5557785981504744,1.0669343426708733,0
0.3158048463951465,0.7601444994360157,1
0.8409372226222227,0.4565084671923418,1
-0.6891291915835354,-0.49545767975622956,1
-1.309317966240478,0.5668100205631039,0
-0.13203772793611757,0.20651249320949197,0
-1.5511522401625555,1.3233024232701005,0
0.046202073595424345,-0.9354412571223807,1
-0.3125428328029164,0.3996699495856537,1
-0.025926567336850788,0.22441425777780136,1
-1.4790925673603141,-0.5527941468685541,1
-0.3212312287110845,0.7280029288146059,0
0.04539669482754933,-1.367862907961296,1
-1.2542040878078469,0.4702318358861422,0
0.37780763867431316,-0.32358737832907064,1
-1.8156860519559117,-1.0659706055062,1
-0.17334964979653658,-0.5459782792278765,1
0.9492541850601255,-1.119965395466584,1
0.4208703455993836,0.44664378964650797,1
-2.5240972727089614,-0.03759325957847741,0
0.6456762300581581,-0.9444227656807267,1
-1.5645603179851177,-0.2633551228480414,0
0.7718315923931174,-1.3989272113507945,1
-0.475955020189146,-0.1343123715949898,0
-0.08727708584778655,-1.1382540599535482,1
-1.1612499636291307,0.3004344766085735,0
0.4798421481972858,1.5249415799113797,0
0.8322723920233658,0.7718338934737725,0
-0.6720385971908708,-0.16946381178624872,0
0.28182565813321553,1.384285874994917,0
-1.250795579476135,0.48499481176261827,0
1.758168255104633,0.2058156438165069,1
-1.2812737605535354,1.1903469426347864,0
0.5072828215471606,-0.872699615938479,1
-0.21017531717904878,0.9800065388888349,0
-0.8565694738425725,0.18530660711782282,0
-1.138814082964743,-0.40843335366979505,0
1.4503869980284025,0.002585984809146678,1
-0.34875093641468624,1.708173181843744,0
-0.617436238734518,2.1723535050640495,0
-0.6195430684095965,1.8656011202768719,0
1.3895789694013347,-0.748860402010976,1
0.61953042662323,0.5851913878924302,1
0.7390250292611078,0.6680580483598401,0
-0.18665487688477422,0.3162140444089509,0
1.8754026838442106,-0.8531844126180956,1
0.8152215425764469,-1.6401903244136316,1
-2.292909519534906,-0.4399855432170997,0
-1.6310152064703267,-0.8752734280658524,1
0.7831916474638153,-0.41704171948494334,1
-1.6115387856294583,-0.7899608738937324,0
0.68480692964173,-1.3134503033574982,1
-0.30387815327143447,0.45232293090244624,0
-1.9951202053322397,0.1717089316771368,0
-0.5090826524974259,-1.3385770006639774,1
0.27109918210617145,1.0321616196856682,0
1.234975077161082,-1.5310036619796357,1
-1.506256174248968,0.5413682733514322,0
-0.5859200602330187,1.216029419147606,0
1.7645655829873965,-0.33080434251581387,1
0.5174293617073614,0.7080707454775061,0
-1.0039326308678218,1.5975505676805355,0
-0.4828704531284229,0.8404109043235266,0
-0.9386580735693626,-0.01655219826703206,0
-0.5167756228030923,-0.49182077852756306,1
1.1602702673749796,1.1667959755779105,0
-1.2904799717086604,-0.8613961825514312,0
-2.2283413622730412,-0.7394754106238234,0
0.4226607960995283,1.619982632377297,0
-2.141810246915807,0.35012148102667595,0
0.3152839012719432,-0.22798333507973065,1
-1.6727413145362229,0.04773940172421521,0
-0.05112720095080865,0.8995174502064044,0
0.3540566507432748,-1.6389972285063443,1
1.2877149347732224,0.7842450193326315,1
0.14740761500494262,0.7482174010618999,1
-0.014461004079167028,1.3656357174354008,0
-0.11938491092215149,-1.3107810513252889,1
-0.7593241043538352,1.4279620394985393,0
-0.09273767300069119,-1.4908773018296984,1
0.12891841197116924,-0.768342005302172,1
-0.7539451064429152,0.8395614159289235,0
0.8875915677936557,-1.0822971906594765,1
0.5445453732314008,-1.3096712336529794,1
0.2770357464772957,0.6229859960359638,1
1.1738388200326046,-0.8014230670967576,1
-0.088703818246846,0.05666378953754168,0
1.3486565225893088,-1.2204933525394714,1
-0.7890927633473328,0.7386904136535615,0
-0.48449317543015075,-1.4661162128089111,1
-0.760036296000086,1.5144992000291464,0
-0.30891989626816607,-0.3541984172343517,1
-0.10477482925860775,0.7032884994969916,0
-0.22540976559862894,-0.05236914599677572,0
-0.3950877308626907,-0.9050328900156174,1
-0.29953448634765867,0.05047890793178313,0
0.24746374847005206,0.017533545935995317,0
0.8299590762633386,-1.5162925836766699,1
-0.31054611076994315,1.964877143909085,0
-0.5934845783505512,0.3163970443175028,0
1.244826225261446,-1.3651983605980236,1
-0.4378890180597998,-0.7622366624167478,0
0.2602408940391135,0.9186841353807318,0
0.764091413541367,-0.03228623933782133,0
-0.018328355647364236,0.13715227076947759,0
-0.46633776076845285,0.8705730346210189,0
1.064593000491979,0.18209177558178194,1
1.4314835684526497,-1.0747429930620636,1
-0.7531136942213724,1.4835480851747587,0
2.2316091093993116,0.648184606119889,1
1.5034576814115284,-0.22548091823179908,1
1.3494071585988112,-0.6388870337204481,1
-0.26155275835791103,0.003807644203211084,0
-1.7612984501700677,0.044266319786509974,0
-1.5503040550706748,1.1364289249635353,0
-0.17243736561599904,1.8069085505997626,0
0.09306046817408567,0.5708055006474202,1
0.6874751837089333,-1.2994893092290656,1
1.4327402499207769,1.3512621040835613,0
0.3711267448754574,-0.5066177749639318,1
0.6481519098278073,0.12239839811267347,1
0.2273334886461999,-1.0861080473455713,1
-2.368284572117612,-0.6340156474827592,0
-1.1221551698653998,1.3954162998640685,0
0.531921706808616,1.1154060232268845,0
-0.19620386134072357,1.0150756764098736,0
-2.4255451109486543,-0.5116161893998064,0
-0.1749866735201253,-0.9788441752318406,1
-0.44153693726747767,0.18200675100301533,1
-2.033121889375643,-0.0750375433885849,0
-1.6617071129063432,0.0397337453778352,0
-0.44349039952173136,-0.14533845872489906,1
0.5512908247562714,1.1114961538654087,0
-0.18817882264368074,-0.037190003311620104,0
-0.3143012082486379,-1.5744216475659005,1
-1.0421590516099384,1.3146063515784092,0
0.13778768006963413,-1.4163615588338478,1
0.02962240626588414,-0.13014083769653031,0
0.335409755609963,1.1112307250291749,0
1.1887493756228895,-0.2609641633442435,1
-0.1006545755198625,-0.46410375773013607,0
-0.4702908328587083,1.0727844088592386,0
-0.3331186839792914,1.87752764828484,0
0.36443466251660456,0.06525819755261175,1
-0.5950762196652362,1.6829080316212799,0
-0.16887362305826414,1.2984831220668427,0
2.0018780369799947,0.6053744642799491,1
0.35066787330100047,0.6244901487770459,0
-2.0386012560129743,-0.7482894609505293,0
-0.11585783226488605,-0.7806055786267073,1
-0.1190888932715442,-1.17297009410678,1
0.8638163506005567,-0.27490743685743185,1
0.479439949365329,0.7833043533968267,1
0.3103974068955167,-0.8183548981432345,1
-1.6996154580937666,-0.34933528417102805,0
0.32409817749825853,-0.15938981311480985,1
1.0298490557769377,1.4567408299830065,0
-0.13686807768435838,1.064492870420346,0
0.0663364172196803,1.6296326345844334,0
-1.1186036098494812,1.6503617698024464,0
1.3249293297021985,-0.7053211334108408,1
1.035585484432711,0.9697786729891057,1
1.6757241380229715,0.13242456093680524,1
1.5395014930625674,1.148021499315548,0
-1.3584098171804921,-1.2155147608430743,1
0.036653554225891914,1.3394949890939534,0
0.9574755897810161,1.1297307502106622,1
-0.06224307605915681,1.382169943610435,0
0.0867231077120006,-0.49490742458736087,1
-0.3088197777010589,0.23067236290707932,0
1.4897168633046343,0.2983925311934816,1
-0.7730017144002912,0.12091713200981094,0
1.6226704761065043,-0.16853582774354237,1
0.0876101468112837,1.6620300890022233,0
-1.3077422461208927,0.5485836876107848,0
-0.542904073177656,-0.8419972819304319,1
-0.3401140399168938,0.4814471545401685,0
-1.640882272487062,-0.5406695275515152,0
0.542132673446459,-0.19263014280340957,1
1.3911744535605395,0.2800922638175573,1
0.6560496292015936,-0.7531806690047298,1
1.225334053041228,-0.2641930719511026,1
1.1059826913205866,-0.699130089281136,1
-0.761374855555362,0.17714197663235648,1
1.2474027830587664,0.4324399706782556,1
0.5296878100513271,0.01681906225069799,1
-1.0026776803891178,0.6973888764551567,0
1.3113667998352878,-1.380492590150535,1
1.489833443680256,-1.4342575379347302,1
0.9850791644221314,-1.8403233438043458,1
0.7120001411335117,0.4449837966261083,1
0.5163986692978498,0.935668359376965,0
-0.05194690082079937,1.4599464994355755,0
1.742446433587934,0.6149318973848594,1
0.20197493206820288,-1.0212634053112963,1
-1.9540700228784944,-0.048186262101867286,0
0.5871237160482206,1.1020834407312463,0
0.6044540381351727,0.8946619029711216,0
1.1928505754267344,-0.3221805419086845,1
1.6203942936139337,0.3403130779508404,1
-0.050724283093809754,-1.8664595459988877,1
-0.9688263167380481,0.47226204153829643,0
0.30952878390820204,-0.9610707300865535,1
-0.015726134405317935,-0.03890869434911154,0
1.2911129153511403,0.7422797058710386,1
-0.8823923615932793,-0.08439264047890624,0
0.022428386713144382,-1.1422999298116716,1
-0.5895043282253392,-0.055355922588866804,1
1.0853267435952785,0.3975290040160999,1
-0.6338234890803116,-0.4487610571260736,1
0.3556087855227226,-0.45449550950842016,1
-0.07241189549470885,-0.08147493612027867,1
-1.280858465114245,0.9227631026148483,0
1.0130089639422362,1.3169856347568507,0
-0.741140048696808,0.06430761331561928,0
-0.5954364238539447,0.1665950283394355,0
-1.5835906510409556,0.03507730484467424,0
0.23037228978427576,0.7065678311896986,0
-2.033299711357029,0.49337412287201954,0
1.3481405976881484,-1.2220523956633949,1
-1.297672212539682,-0.19816434360974097,0
-1.1372691112472944,-0.07708757195204055,0
-0.07914646168549183,-0.7133929809256058,1
-0.030560640491507206,1.9818354274418466,0
-0.6895961565484608,2.2128080832529524,0
-0.4213687832933452,1.577118312956045,0
-0.5098221902752362,-0.9387986932818008,1
-1.4893513983565563,0.9362738444549624,0
0.04367299577304531,0.3091818759410136,1
-1.685110083310802,0.5761755182406133,0
2.173701529384861,0.20697233995923875,1
-0.544347094584504,-1.7754601625146271,1
-0.4960220254972883,-1.7000196023713428,1
-0.1259640074450084,-0.005156934261331945,0
2.1324617918222364,-0.23622080600421716,1
1.6269126649817658,-1.4960439263334615,1
0.2895656053997514,-1.987974448826336,1
0.8704776190275897,-0.760733355443227,1
0.27830971807781907,1.36596104176722,0
0.7865678195723372,-0.8614937645288817,1
0.1477082888306312,0.648333956979977,0
-0.7457861797261499,0.1581922437402576,1
-0.8385352025862544,1.2539993808229397,0
-0.3860882789043341,1.7869637130374292,0
0.6829194789361159,0.542055476429104,0
-1.6091069513994425,-0.3446218006280728,0
1.007536622009842,1.1827028755446247,0
1.4852363311605996,0.11769812221833699,1
-0.3426129309064324,-0.644814608946715,1
-1.64565055168809,-0.28830194851863594,0
0.6626562145328477,-0.811107214400202,1
-0.05216063585445598,-0.029822699067067793,0
0.24263381266707318,0.7215078188781767,1
-0.6105241365139454,-0.023207284326798795,1
-1.0998348264572109,-0.768384050570688,1
-0.029416052074592733,0.8009678430278213,0
0.25865392772434354,1.389729648862601,0
-0.03302075278724856,-0.5026477009889184,1
-0.23466577816772882,0.0814169339551313,0
2.4653637582587145,0.6016051711958096,1
-0.814371364157634,1.1856453078665588,0
1.46851411202637,0.823447279696421,1
0.31059330936993396,1.4046087222637886,0
-0.5040888701176257,-0.8432820402350931,1
0.5530231975951273,-0.7604571106182584,1
0.7643437129691489,-0.10299470514589769,1
0.09817569900920163,-2.1594856593980425,1
-1.1212285014888395,-0.6235271547864062,0
-1.9650704664822798,-1.0715041259206417,1
0.21091803285017552,-1.64805302489408,1
-0.3785489046320126,-1.146000693734529,1
0.3595758394669125,-0.11411288224359087,1
1.3550120421368526,0.6036905954340057,1
-1.0859381673838708,-0.9073652167721438,1
1.3572724392135187,-0.5273100797954875,1
0.6146295438154261,0.9200689345543317,0
0.47730955539229564,1.869307650123906,0
0.1700616717963441,-1.7629009602627022,1
0.25908748997877606,-1.7654207141898377,1
-0.8263742445211681,0.575525800049886,0
0.20612713732554092,0.8700300487942944,1
0.3896151853957941,0.1080069140512456,1
0.9989857523699652,-0.005466834358207786,1
-0.17580386056998284,0.671058999999046,0
-0.34554891293231677,-1.7277760360607406,1
-1.6757904202293956,-0.45879161713143574,0
0.38442799410373635,0.6841922749305482,1
-2.098951605157873,0.5982284464744256,0
-0.5532211548414869,-0.9472893443702814,1
0.09988612928628121,0.8537106359651773,0
1.3665729923522267,-0.9731822494136522,1
1.0113778590919935,-1.4256140786328602,1
0.31559627150973596,0.7641688200590357,0
-0.4366828087688514,-1.24819190759228,1
0.1997376476590231,0.19144966977653052,1
-1.5602213458835006,-1.2634426376964174,1
-0.48802169174405785,-1.0535378121561974,1
-0.4695171729301272,-1.6664262018868536,1
-1.4757896299815487,0.827910576308096,0
0.45821347537498436,-0.32003978796859234,1
-0.5058542241561983,-1.822459192169686,1
0.3575527402935128,1.4329375736711276,0
0.982770596764344,-1.893831292294167,1
1.0830385775750084,-1.1129384496773718,1
0.4293554442640341,-1.0762565152749395,1
-1.5881869396433956,-0.984795278956059,0
-2.1691987930078365,-0.5656673078409807,0
-0.14514063077021452,0.4710108339882627,0
-0.46493504220070037,-0.29642639760442363,1
-0.6452266721691745,0.07043659076983985,0
-2.49474392583149,-0.5681407665548581,0
-1.3433392891507225,1.0723295023046129,0
0.2226064473254219,1.691756210113195,0
0.12580064697900767,-0.02926339103010932,0
-0.6939984146592556,0.9499199410677076,0
1.1114894619523144,0.4303568010514048,0
0.9551870107963683,0.4726378426289239,1
-1.0837819977793346,2.275710082291842,0
0.2354394106130862,0.2699864988906469,1
-1.9315011439783207,-0.18990795518342585,0
-0.629717322997763,0.024393215033071753,0
-1.9379939864081188,-0.8263886847468597,0
-1.7885884718451572,-0.20666288276883932,0
-0.1415109339057067,0.14875844257967033,0
0.715946953617603,1.6972448692008075,0
-0.7478538572938785,1.0836413221862529,0
0.3015856535629899,-1.1184974287297267,1
-0.2087899267782425,-0.8850572861483933,1
-0.28735380095687146,0.4599673595728941,0
-1.0543156765974797,-0.7790816079993457,1
-0.9614873305177402,0.4468657595354183,0
-0.5481999498960992,-0.8938875102044914,1
1.4848398168526185,0.5340956127185764,1
-1.2711884712631865,-0.4385970676366996,0
-0.07260084232486384,1.5844827664950152,0
-0.40851963592917906,0.2540614671818979,0
-1.042207901348024,-1.3454806841615736,1
0.9734557267434611,-0.9047448089255269,1
-0.5504351827983986,-0.6197817759467975,1
-0.8249748125900551,1.895344067644762,0
-0.2974188100840158,0.7834207286469346,0
2.071473771910775,0.56985945338505,1
-0.9387523655080834,-0.3633966951698315,1
0.11578519783297601,-1.7010794697775007,1
1.3294318684161013,-0.1371774319106264,1
-1.221861710138979,-1.1940996953380865,1
0.9571014791581866,-0.16864830862135644,1
0.16600617325965922,-0.7974801991102617,1
0.26775746025319125,-1.8698372935813528,1
0.46375556942501,0.3842146875496045,0
-1.9298140091985856,-0.6090591614518928,0
0.8647340376275934,-1.6905430804328079,1
-1.2347047676330187,-0.036110368739272244,0
0.2728221883250574,-0.9487874925677993,1
0.5660275965148854,-0.004613667988418889,1
-1.1078809957402924,-0.5827934474584993,0
-0.6870935389183511,-1.069909194059622,0
0.5093367379402189,0.6389431712186915,0
-0.19931811010416195,-0.6176499074351856,0
0.3287132258160085,-0.1325762020096463,1
1.1076722755522719,-2.0413364821099877,1
-1.4582699463017412,1.1114899685134798,0
-0.262824959067912,0.048418562859080944,1
0.058163374148949794,-0.47438563661597644,1
-0.13035406745802705,-1.0077937454929744,1
-0.49206052662393956,0.8420270966035923,0
-1.3189341140126543,-1.462905666692833,1
-0.12391709823254618,-0.9093868430642065,1
-1.3160389217838826,2.100617198516827,0
-0.08330237129600179,1.4490602686999146,0
0.020598598952499343,0.9448625193130562,0
-1.220530946995243,0.03934839428629401,0
-0.7551474856198629,1.8239147811377219,0
-1.2896040492052974,-0.4314104223145574,1
0.7871417322964557,0.24452405083896026,1
-1.0453137676226247,0.4904341865225768,0
1.1952898298209573,-1.1451818978289032,1
0.9395604002409325,-0.018686777894435735,1
-1.002317615023494,0.5943996971299622,0
-0.08083066510284677,-0.9148762537167737,1
0.8336634709416023,0.8753710505973045,1
-1.2512048336365758,0.750982437015281,0
0.4469116335434464,-0.7611791191712195,1
0.7003314618459902,0.8257214131163372,1
-0.5966640639938843,0.5144525568181211,0
-0.2191040481202516,0.7572541852086023,0
-1.0226350948674074,-0.9798856748368715,1
2.009820159457619,0.41121680148208223,1
-0.11159127265888298,0.43838167015225604,0
-0.015452138210003446,1.5191508719582572,0
0.1741777506037869,0.90900777372405,1
-0.504559303520907,-0.4937250019905545,0
-0.9876797972198056,0.45461884733245383,0
0.0002145935601548353,0.4649636500359661,1
-1.4020671551584263,-0.5413346921896524,0
-1.0636259730322046,0.6574224839845885,0
-0.3119061218117355,-1.4289561438527334,1
-0.5958612348254502,-0.6492666393898828,1
-0.4166312479305078,-0.2403368961814521,1
0.7624950258316467,0.4299367947981458,0
0.6660431514962959,-0.19896232748302248,1
-1.4175495565859708,-0.5816437364576702,0
0.26383180682231927,0.13951431759250094,1
1.6515899958507732,0.31909989431544883,1
-1.0430181182732825,2.1843091126081706,0
0.6764411402871554,0.4323130899463415,1
0.9106517613664626,-1.635012127315774,1
2.384645334845059,-0.06996241700397497,1
1.4884486064333198,0.5308676597400506,1
1.844954358180131,-0.511832957204076,1
-0.10278641975563198,0.7508477935174643,0
1.3988450454532513,1.1133934358339952,0
-1.4796632085598616,-0.6766953508997122,0
0.4994262614248324,1.5834251237545023,0
-0.9341015026902473,-0.4032358825323174,1
-0.41700615767202653,2.035358552018839,0
0.22385827023014698,-2.045778752240808,1
1.7972472870474576,0.27143252729291933,1
0.09883126355450367,0.6073987265947837,1
-1.0986401574735125,1.23881235302735,0
0.184409501673474,-1.0419160497554942,1
1.1454118926670258,0.4023843008596511,1
1.1854953710331533,-1.355916349261357,1
-0.22269410911385448,-0.8434163253164243,1
-0.3777929103696636,1.9719582060685081,0
-0.8265527104060886,2.031140231548798,0
0.2550045591112816,-0.5389365917752329,1
-0.19967175894816752,-0.983857089185786,1
1.193344450207049,-0.07540057199220425,1
1.4328870971947505,-1.1313075197289293,1
0.933398422071341,0.575491716848165,1
0.7356447714215684,-1.580753577624446,1
-1.5986520441307412,1.9687895273244431,0
1.3626228300219774,0.7688970856617409,0
0.1264034902858366,0.46124374659799444,1
-0.3873734913565107,-1.051221991429725,1
-1.1646367828822215,-0.05968476736343267,0
-0.9509772305090056,-0.3778416210439355,0
1.3898737487934893,0.09417309650614435,1
0.6578456636808737,0.40510397616829297,1
-1.1716432622969803,-1.1680920424247807,1
-0.2906918057956951,-0.6064131593849398,1
1.2046447549104855,-0.6897658130456028,1
0.8070609011842753,0.38083209188300926,1
0.490534615044003,-0.47722234060460034,1
-1.7338214131467353,-0.7672492718475554,0
0.6484338495844232,0.45374032764546673,1
1.5204500500806202,1.2613709093836465,0
-2.0535636185329196,0.48127287580106837,0
-0.9699089235281092,-0.7602696117715383,0
0.06807550836995258,0.13032903815415506,0
-0.5122091681875168,0.9808504341040983,0
-0.38311508828435314,0.04376673009919785,0
-0.7099260775262647,0.23775108738544623,0
0.08299367087080307,0.9207230819263548,0
0.23775037618329314,-1.028019610458021,1
1.9644340601199148,0.7595314441463458,1
-2.5413391267604997,-0.543250361295303,0
0.1278855502313977,1.8633292296374748,0
-1.7251519253932412,0.4184826391985818,0
1.3651690337196285,-0.3750937386638197,1
-0.49425932003288925,-1.6779112450927907,1
1.1182372483986152,1.339959074713677,0
-0.21753462169309687,1.874911938589762,0
-2.1733974141644365,0.928374822509257,0
-1.7217505105280242,1.336969557067538,0
0.6056394335667773,-0.8423056547604414,1
0.8810132418787505,0.9646859363565767,1
-1.0763312072066167,-0.644530193581228,1
1.0243877401885872,-1.6600714471547187,1
-2.017356216178501,-0.35272866656859203,0
0.5091245643808795,1.1577433012894198,0
-1.3188864358410488,0.41502659575231005,0
0.49099420479377825,-0.334817786318459,1
0.9116311715934267,0.17081213949962284,1
-0.9253450160369202,-0.9550136415970675,0
0.9240544325615373,1.2961994214183075,0
-0.21273010030447967,-1.3383650292776403,1
-0.8970252576485405,-0.6498267417194805,0
0.6872673536601404,0.5792150454860842,1
-0.23565085799159316,-0.9480105647277153,1
0.007559415634854754,-1.5195238677305738,1
-1.612477576768843,0.46818322478167695,0
-0.560681771398728,-1.7544245368643436,1
0.4685915120452488,0.6212753667489108,0
-1.1114361684633458,1.332636038753218,0
-0.590841650196343,-0.6730541539932678,0
-1.0042410112422036,-1.4136832275667248,1
0.04152624840190177,0.8211197607422557,0
0.27104803919641596,-0.26968856498155747,0
-0.4249512613788365,-1.437759260295125,1
0.121098905554305,0.4029845626277146,0
-1.0654288470827527,-0.5402034609004428,0
-0.7371552530451142,-1.258990090711561,1
0.8510139027183893,1.0261047935216625,0
0.6209038310817516,-1.6704336304441343,1
0.6544456496590639,-1.3169782283046652,1
-0.39862682172520686,0.7613845089843982,0
0.2256038977084076,-2.0175789781797944,1
-0.20523351066996132,-0.7231302863850189,1
-2.5712690587232485,-0.6027012300538401,0
0.056922188130970455,1.3962929243901057,0
-0.11706041928331556,0.533649862351976,0
0.3446376946611959,-1.7240722717479222,1
-1.2395353099004438,1.3544601881348917,0
-0.29927221483402694,0.7544152806615683,0
1.8954598028124163,-0.7796078554745944,1
-0.08716514956307672,-0.2966748260727361,0
-0.7538357697461122,-0.326007219000804,1
0.8244475826342993,1.1181917924551583,0
-0.8327892808978549,0.19852314847060948,0
0.14781820217475003,0.9338207771665461,1
-0.6506524435675027,0.8604926915958462,0
0.18525584307277473,-0.9648119849853186,1
0.6492517465062582,-0.8249173613616994,1
-1.3824559975301853,-0.9317153620519517,1
-1.3827463765842793,-0.4723762359599487,0
-1.6513451159841337,-0.05659506245234475,0
0.6583523038350723,1.319276858766209,0
-0.1985893219246292,0.46100936208578547,0
0.7636261045666771,-0.05685950223345064,1
0.16348337842695024,1.3779454551695842,0
-0.314380665893812,0.4805473488423823,0
-0.38103187037033376,0.42583154240534676,1
1.307382206689261,-1.226492159599012,1
0.36864650448432723,0.2597403111280734,1
-1.0098455592917952,-1.2026025993790896,1
-0.12909935307428208,1.0703868388737272,0
0.18834802087139302,0.4043782028821361,1
0.5384091272133931,-1.6767106927079765,1
-0.7276412534919626,0.8239120534738995,0
-0.8537721086601358,1.4769026636887275,0
0.34581409911381494,-0.37587560759604355,1
-0.8742401446955927,1.7797832480539102,0
2.168709520644249,0.6322185017912216,1
-0.060065985297049734,-1.6927878989994878,1
-0.2666640557434511,-1.6204047266628132,1
1.022274690985791,-1.9313068081268312,1
0.2282500321419536,-1.0983935112410173,1
-0.27291030505674635,1.397793763371008,0
1.203284171792848,1.4315857619327637,0
0.30340914954537335,1.5949171774062698,0
-0.3557034495114845,-1.0578206891293402,0
0.47638609018013184,-0.9489851967644647,1
-0.007312906079776993,1.1104545708882987,0
0.1826849183335422,-0.3226088997364527,0
-1.5690376700712834,-1.008266679395174,1
-1.201247556168124,-0.4726405209238664,1
-0.34698012434970676,-0.8659612148248753,1
0.8663696218789976,-0.4532754553994758,1
-0.9127675655408861,-0.6624001088697338,1
-1.9772074402809567,-0.0604464005167734,0
-1.2985701829815222,-0.10095041692702732,0
-0.4641684579384775,-1.3541691391844277,1
-0.07926254424561124,0.06777046578213883,1
-0.23334100654715506,-1.2375756053155198,1
-0.9253729569898858,1.0488033398311147,0
0.7563205124826937,1.2208318476048114,0
2.244948292116986,0.618570693146627,1
-1.5083111087680294,-0.39528729292595427,0
0.5450702590972212,-0.5076209536331854,1
0.4605769546343151,-1.1528830520383484,1
-1.0311074644757092,-0.28065148816340335,0
-0.09083970814634842,0.8949269635611093,0
-0.17154034493249032,-0.594685505109005,1
-1.1708763748435997,-0.008286184020201735,0
0.1394574383241759,1.1605765475204006,0
-0.12164354444366852,-0.8705225462734492,1
0.39757065345747733,-0.7129806583497779,1
0.6238191554024685,-0.014580772252833217,1
0.3314397942583014,1.3509487028029308,0
-0.6527592821199543,2.0352227050041622,0
-1.0473550677627879,0.7494206040397415,0
0.5343405174023409,0.8723803989799515,0
-0.15887194893278114,0.25358920597994516,1
0.22675507548442872,-0.9588684247494264,1
0.2735954917197488,-0.7674085154129401,1
-0.21985136486839973,-1.2496030639191755,1
0.514937370703564,-1.1249396145911843,1
1.4670204537530158,1.3511049884095352,0
-1.3105191284250233,0.7413487554915332,0
0.5852539165084809,1.3255630230763393,0
1.1527729275458118,0.25978528388517164,1
1.101327346139188,1.5918344895407741,0
1.2973964411245016,0.9961459182656845,1
-0.8185706535490376,-0.17975198264950737,1
-0.3160612400368135,1.4858183249837076,0
0.5149400764463982,-0.9569964031803188,1
-0.5943317652664817,-0.40155082496404515,0
-1.3762959344714556,-0.20502701209786975,0
2.242942885850703,-0.21237921315484498,1
-0.6482936247292087,-1.4817115940121492,1
0.5325457230909759,-0.6741978989924803,1
1.263114935391337,0.8244450194074835,0
-0.9852865805522343,-0.8607821268636456,0
-0.03895130241792775,0.3532727192875703,1
0.6268342972860077,1.3202580305958507,0
1.215109308731285,1.0416344878947061,1
-0.045673409773422505,-0.7542884571311491,1
0.21493179814634636,-0.3983613450864497,0
-0.4730290355347917,-1.2212400827196654,1
1.6065287734464533,-1.41434293525477,1
0.6886546650633009,0.6902142945212372,1
0.361210248566274,0.7294578829502203,0
1.5847531696846147,-0.7106007127776277,1
-0.2537572030653647,-0.12367638549715931,1
0.7011733344273796,1.52620693021191,0
1.3731829646831633,1.092132451151066,0
-1.6866266445874418,0.7218109712951286,0
-2.548725627353656,0.04035246971421828,0
0.9137532049268662,-0.44349161902525086,1
-0.4881479543351216,1.1992461742825544,0
-1.6627209270930352,-1.1731251083640024,1
0.3401583144352187,-0.9022773645691156,1
1.0953972233408693,-2.1842328335252574,1
0.0921258809691457,0.10408242990838128,0
0.851930252081955,-0.40238654455915673,1
0.0745999879525457,-1.4503416526081063,1
0.5169062754327508,0.15562357580770098,1
-0.5821316766622422,-1.8408157042590159,1
-0.6567462666988492,1.3110907886207215,0
-0.8364706233476804,-0.7553709459902295,0
0.9373692231427136,-0.19181855220381608,1
-0.0958782932952278,-1.2626485707640849,1
1.2537989452689111,-1.508320854936423,1
-0.49734540167422536,1.4386779344383234,0
0.6411453030485722,1.3093618476004558,0
-0.7362587602647984,-1.0304547678344862,1
-0.5924196100985646,-0.5323257531932012,1
-1.2734581511807965,1.4470883281534783,0
-0.16281712754380528,-0.3728004769715851,1
-0.4835082976577672,-0.8241711209316892,1
-0.2993772102610408,0.8108096443098572,0
-0.3304657932315816,1.5205659617015288,0
-0.8235510061264387,-0.7390778015024997,1
-0.1448929398218209,-0.5905554353554289,1
0.5453508885614493,1.2250312305171887,1
0.12026224449353014,-0.8154048873120842,1
-1.8102846421193977,0.5865195562465368,0
-1.001044207505774,-0.10465124439302079,0
0.8798601540331474,-0.655107373000546,1
0.7217854437796493,-1.164509300457107,1
-1.5398846187342516,0.09604799876169152,0
2.041956978103986,-0.8064116068608759,1
-1.4832877680059027,1.203636801215735,0
0.7060648176538096,-1.9523923886084809,1
1.4572150339404315,-0.2969523629547424,1
0.7626239418494576,1.154591344736451,0
0.04251684948281885,-1.7442472561109914,1
-1.2044787062900275,2.169791356003919,0
-0.11206844017391751,0.9089792744340165,0
-1.5599716084577087,-0.01689837294567172,0
0.2989767694298399,0.5073534310463427,1
-1.600805366793392,-0.23253477375853138,0
-0.4571452869137933,0.5785751518675023,0
0.7530354266788848,0.06766997197587035,1
-1.3900712942713946,-0.6496727316471643,0
-0.17836969035313952,0.6499111355473295,0
-0.31040257466901877,0.008739682776259406,1
-0.8639209235292493,0.570279746464915,0
-0.3716644571652157,1.4423054917701164,0
-0.9246557230634765,2.3248072133541107,0
-0.8424071975270709,0.5263636635536374,0
-1.3082212793901324,0.03604901428149068,0
0.20297546431076383,-1.7358745169503922,1
-0.446946510688166,0.28695197711992143,0
-0.793752139820028,0.5326558073249786,0
1.6101274454311,-0.13662785209727696,1
-0.035304038472422916,0.17994934432366624,0
-0.2336868582178947,-1.0947928415847383,1
1.4441587446396618,0.8781617453709313,0
0.47693270866610427,-0.5132122499082681,1
0.16519127099158568,-1.0056255386964505,1
-0.7132268552590763,-1.0966766073066954,1
-0.248572391611706,0.6740674268790221,1
0.762482963844719,1.3503652648783506,0
0.9533223077371495,-1.335762017306436,1
-1.6240642695877654,-0.6532313352764383,0
-1.825453232707081,-0.36931927369047257,0
1.7639188607049487,-0.20669568721184345,1
0.36991007389477015,1.7239323739412176,0
-0.9892782943232827,0.5112785500660694,0
0.17570746168246468,-1.0758788127743495,1
-2.246221301891482,-0.1822194595238057,0
-0.6725929116446561,1.8307772335416255,0
-0.14720716656025917,-0.8616095309679451,1
1.042232478215639,1.147553463528537,1
-0.18930959238528391,0.6866540322763566,0
-0.14701958082802352,-0.6934974044173365,0
0.23462694198786346,1.4143586933234369,0
2.069411627870328,0.8914840753203812,1
-0.7132701869969501,0.8589154820533923,0
0.34881426792594256,0.743916298512412,0
-0.2699460262992784,0.2768442173834414,0
0.7871640009006491,-0.028495482719895066,1
0.23741349953044277,1.778727145625767,0
0.08769900289778594,-0.30942255429415094,1
-0.821536726483394,1.030252348176094,0
0.7509229091011964,0.6387656121022609,1
-1.0342736885500972,2.119417892462281,0
-0.538112412926788,1.2534992592361143,0
0.5310835145207732,-0.5391662458602018,1
0.6327204940988074,-0.7066824301486746,1
-0.010544557335702004,1.1020307346338782,0
-1.2560136689669954,-0.2106619094211678,0
0.11432777308141327,0.7626843198359313,0
-0.8626714382510711,-1.3052289050021466,1
-0.18976500224026488,-0.64317485187554,0
-1.1294877668862373,-0.43278353610395753,1
-0.3750675337497621,-0.5879425929946448,1
0.5003235437351842,-1.882149638693171,1
0.25773370846153526,-0.3614295068015358,1
0.16220664663635243,1.8453166721926864,0
-0.6075203691126866,0.9388996764493132,0
-1.472443147142849,1.307115663921906,0
0.8554419293472102,1.6898673956755528,0
-1.3328159791377443,-0.8706625384399679,0
1.8174519065937593,-1.6467703413209813,1
-1.2188443515407905,0.9971030372782727,0
0.4338027567116881,0.5364916005417959,1
-1.751097006669924,-0.1153852828837269,0
-1.9912892539702267,-0.041403458317011754,0
-0.7777115176892003,-0.2369404718019786,1
-2.0496054612287535,1.0163960462360007,0
-0.38989405118117587,-0.08117584390487671,0
1.141365185402314,0.7763535849307542,1
0.723488877352838,1.2727990774729878,0
-0.010983985736982177,-0.8834498601753145,1
-0.3534682129686359,-0.28176022937126893,0
1.5080844517553056,0.6092301318757644,1
-1.7061362875964614,-1.1132695514079078,1
0.6083874434961565,1.0046132999264006,0
0.760076238120669,-1.277626822997107,1
-1.2772889886600138,-0.9529045074470078,1
1.7888153455209332,-0.9607735746442391,1
0.15349184735426022,-0.5594710477307357,1
-0.5417686266303894,-1.3746853434260053,1
0.5319944856311483,-1.0922424993515991,1
-0.43850037493791233,0.6478728913971125,0
0.9354860499243682,0.2738548510398767,1
-0.43340858929132764,1.6360643801768642,0
-0.4183384258475009,1.1169342181894009,0
-0.059189955339231416,-0.05183280021703091,0
-0.17598203790592323,-1.3667774991424284,1
-0.5896201701640975,-0.6747121357132259,0
1.4748327035665088,0.6151208020195551,1
-0.19153974281071456,-1.4223151585410363,1
0.9683987100202847,0.008649938195496752,1
-0.5321958404622363,-1.3855704301138017,1
-0.8815635008118852,0.25179619194693453,0
0.2901164613697325,-0.3742138386455829,1
0.29570981307612343,0.983550455130339,0
1.8938769663686603,0.3808894256144161,1
0.8599305685775005,-1.3778683381685837,1
-0.4637028780224594,0.5612901521115914,0
1.3192880831743505,0.5339310811796545,1
-1.5511377305344436,0.338176140669353,0
-1.5423397075106744,-1.3097111373817076,1
1.1059434090571416,-0.4970489421838048,1
0.2148180949195448,0.1288390094203743,1
0.985117761259559,0.8379775967520668,0
0.983461663453767,0.13246357078305324,1
1.7256136358674663,0.5066472303719363,1
-0.8104910908990934,0.4999163002069827,0
-0.5203240971789203,-0.3263190087107881,1
0.09708413762746264,0.06843758648090736,0
2.134738381917873,-0.8124144059328058,1
-1.1622079577977773,-0.033871456757226984,0
-0.9898310443104724,1.6171913413797674,0
0.5579308450237257,1.2488971337925336,0
-1.3498638102885405,-1.0188109921524438,1
-2.0945058014923004,0.2091972461989093,0
-0.7955480743797655,-0.8555357731488198,1
0.11909781840668693,-1.11281106442683,1
-0.18531496005057713,-1.259500667377487,1
1.313866031898107,1.0651489441219508,1
-1.0741354343823495,1.1663909622070898,0
-0.6101601789050056,-0.43254882853497906,0
1.1707385648378907,0.1968808319455693,1
0.8021009544265782,-0.3296738586157732,1
-0.5526225991572211,-1.7816144482086433,1
-0.5055063808485608,1.8153456677254052,0
1.622107134912649,0.5936599652164738,1
1.1835178182686095,0.1504477078620431,1
1.0468345414241718,0.13623598340526563,1
0.760965743323544,-2.03834180370174,1
0.5049644397949986,0.9466081621350976,0
-0.6645337580280822,-0.037059711308574494,0
0.7683871801949037,0.5514234162924212,1
1.0418854442986047,-1.202772118586747,1
1.1635955367992106,0.7941390067031534,1
-0.7641228072638778,-1.6070986747084424,1
0.514740468683118,0.2725679574253133,1
1.1204895496002742,-1.27162389211217,1
1.9465722271365287,0.04676194156078628,1
-0.941052261066973,0.8024988950644865,0
-0.7100946858532908,-0.3855615487145791,1
-1.5993031680896446,0.921172276399906,0
0.81376226407255,1.599334910723714,0
0.6807378762473885,-0.012036072434952179,1
0.07082070167151999,-0.48032985389142835,1
1.3499924221908894,0.5621285899074034,1
-0.4649966216019078,0.8367282361021885,0
-1.0567982060188874,-1.1494300435417533,1
-1.8324843819950734,-0.15253172600000467,0
-0.7938278773717062,2.0067810829672013,0
-0.225524545777501,-0.15209037068283093,0
0.35368930788956604,-0.7118561765704358,1
1.0867163068713548,0.045616843282307654,1
-1.0329882403983026,1.694491594784062,0
0.22112470664143238,-1.499105229754823,1
-0.9237157980162677,-1.0929673718150559,1
0.32129674579685136,-0.8074468092368143,1
-0.9666394803196598,0.8557973678865348,0
-1.692141833246191,-0.7926833920492761,0
0.5488799353526187,-0.8404331065539085,1
-1.1975808933443075,-1.3111730206751648,1
0.6396428883786471,0.23743864462299508,0
1.1796222360006205,-0.0410838281634881,1
0.6794809586447176,-1.0723615980245762,1
-1.384868614176811,0.27173940313411854,0
0.43779699983965314,0.7576256543881382,1
-0.12460910722727632,-0.6340358962317973,0
-0.1038824951725995,1.3776284492655395,0
-0.008706969125082654,0.5932797579769,0
1.2981279064858218,0.7421581409342052,0
0.588680287710933,1.34709517436364,0
0.3563247505787745,-1.7521987167694024,1
0.013371431124442723,-0.680254632706624,1
-2.176585122122802,-0.520420145594528,0
-1.0255731503679342,0.669079036818108,0
1.0542297292881637,0.7715327428437334,1
0.3673869044511682,-0.06817423689937217,0
0.1710164776909395,0.16551717070262317,1
1.4307790359819792,0.40337565872947584,1
0.16146726685588153,1.6708339028106394,0
0.32175759127301246,1.071234841811467,1
-1.9550939159926937,-0.11290554709334097,0
1.0796090654603965,0.9718330970467802,1
0.366898051772056,-0.7041028861392872,1
-0.8831069850115959,0.05185414357385545,1
0.27510464079776165,-2.0336928540278953,1
1.8216549863730795,-0.917152479827167,1
-0.41495606844702043,-0.49273001286141943,1
1.0036852346497975,0.34263286646802865,1
1.1273796172072246,-0.7690416923005623,1
1.2140838191536498,-1.6040564071012142,1
-0.23288193633098428,1.2330297310475202,0
2.2312702572359133,0.7991846106389973,1
-1.3205970144472519,-0.29148990070453507,0
0.028949819189414108,0.19534451381786305,1
-0.703124772289768,2.134584862831672,0
-0.2847538529360995,-0.6591921407848069,1
2.5348192061063517,0.19176726140697223,1
0.3290611099026168,1.3328528593913598,0
1.155367307700444,0.5503414542977415,1
-1.4586959317402168,-0.11577150174383724,0
1.362241641606043,0.8930612978112944,0
0.9819902743903406,1.6036643109282067,0
-1.1415265475141079,0.2401076923735875,0
-1.154762718553228,0.8493177165718468,0
0.8317240419500938,-0.11444024876640192,1
-1.0634283378322178,1.0372057873321718,0
0.4293625625565031,0.5944208187343984,0
1.2911698651005492,1.3551925579549176,0
1.6904173072894595,-1.2094604904526558,1
0.5539273548255353,0.6222069576769798,0
0.12544649209808262,-0.4619319372654344,0
-0.605211380571716,1.0674420188161144,0
0.8808508200675466,-0.14247416053144096,1
0.4074485126597562,0.21536636066942827,1
-1.1202993820895675,-1.1484058079356199,1
0.22659292715656562,-0.9003570733789233,1
-0.7741676449410474,-1.106520214187343,1
-0.48392774894914636,1.4502625702422023,0
-1.079656493889014,1.9524849098826969,0
2.103892792108139,0.23485313346647213,1
1.0454574589689658,-1.5726191478002698,1
1.5647811320808203,-0.039761704761203984,1
-0.06427172969881104,0.39891085909334134,1
0.3516817082271875,1.3460140858983451,0
-2.2212540892725485,-0.9628274681360186,0
-1.013127821487162,-0.9392486092863528,1
-1.0938659265992927,-0.8622953727788711,1
-1.1741952857308875,0.5271396564416235,0
-1.3082087654785002,-0.6318059162286774,0
-1.604817933849838,0.5901995720425326,0
-2.32994020900774,-0.17641437348143368,0
0.3735850740094649,-0.840843024907282,1
-0.2546220483936058,0.8679163784508164,0
-0.3472628328034817,1.3630222576054463,0
-0.0160017987739069,0.20784347360355562,1
-1.4138005295106248,2.0442137884462075,0
-0.3492936130839905,-0.3343168530712837,0
-0.50855763029047,0.690878333031176,0
0.8989664911141318,0.4986854652870529,0
0.858262741299236,-1.9906528201186642,1
-0.05062135345706975,0.13932429692422052,0
-0.5336935078391425,-0.5276492920213771,1
0.10687882616681663,0.12501924217286117,1
-0.8335381260510228,-0.5759511313063331,1
0.9997025948983606,-0.04446166256897472,1
1.7580083323450186,0.07842361129321755,1
-1.2015883769811815,-0.44413206580476877,0
1.133125780206329,-1.094319962628401,1
-0.4708686089164131,-0.6839717385426114,1
-1.0544092678188721,0.4054197246525185,0
-0.07553719212947048,-0.8153313489686477,1
-0.8178142899929014,-1.0324122337351525,1
-0.9175339183243241,0.1932050679685566,0
0.5113088351178386,0.7389305318705565,0
0.711076918276382,1.0532384874148308,1
0.4687342705392913,-0.6989021032867474,1
-0.2816791995334622,0.9280314252637936,0
-0.479833013281771,-0.24806308281109388,0
-0.38379018772396717,-1.3165621437294852,1
-0.7374723732336074,0.5504602266572349,0
-0.044577691005833565,-0.8508978803863549,1
-0.2432643889022559,0.9157975503604853,0
0.4780765551185657,-0.44885010505420764,1
-0.6871747727443376,0.22839101544895007,0
-1.9779327793043284,-0.6243049149415787,0
-0.28875725637248884,-0.6034576115108277,0
-0.3950938023527045,1.0005308621616174,0
-0.4280862740709995,-0.9820952453944543,0
-0.850369221770746,-0.5915673684267445,0
1.896707856496742,0.6869224222999895,1
-0.31836705572759755,-1.781860562661924,1
1.4334462599239177,-1.0677817826882468,1
1.4926825278369553,-0.168372637439652,1
-0.33278772439693904,-0.5105680726595965,1
-0.976920580217175,1.2723749709767165,0
0.30413887539626844,0.030602188010423956,1
0.20746600012248717,-1.8297808713084611,1
-1.0333732608150872,-1.285595257101262,1
-0.6381279689777071,0.20088871800717556,0
0.8504378861325185,0.6216236407088389,0
0.5808857267498406,-2.1526801403481106,1
-0.3000993257736677,-0.6217504874332952,1
-0.6387625333252539,-1.7779790981314991,1
-1.613937464966547,-0.36355022996926273,0
-0.4867121591441003,-0.7219644985002494,0
-0.10071680448981381,-1.77279208149721,1
0.16042102343685785,0.01677930046020669,1
0.36539465993217385,1.436663388701688,0
-2.4011243936276516,-0.5306690447582227,0
-0.8774735020295371,1.3274821818938067,0
-1.2633152765045994,0.29994328644945983,0
-0.8688252642936072,0.044746546018038826,0
2.086222417229634,0.5704178312746712,1
0.2830629249039016,1.7835447562550104,0
0.7085331137693737,-0.5843614205372192,1
-1.2009235041958732,-0.8324833245769501,1
-1.483124193949876,0.532922287325212,0
-2.399823457011596,-0.04941958143426294,0
-0.07783281366828305,1.6676698422848906,0
1.4183711316488155,0.6328441464233189,1
-1.5697653762503103,0.6515619337345768,0
-1.0149057566331476,-0.6868111253422807,0
-2.0992867429950213,-0.7206535131168749,0
0.5750784324062704,0.15867110640483276,1
-0.15495592491314358,-0.7591174903250046,1
-0.2555080358081952,-0.4983837650384219,0
-0.3594007675985544,-0.8843435750791435,1
-1.4249930633282724,-0.41781537458075,0
-0.6141776759749812,1.0289631490273765,0
-0.8770259521906612,0.4108556818725593,0
-1.2939157607638592,0.17458148703928822,0
0.5934122206918339,-1.960869448579363,1
1.1104629995773623,-1.7220410088618305,1
-0.9079759936584274,-0.8573103936506465,0
0.7230576211843498,-0.5429543765224641,1
0.12562816436763452,0.652313596345856,0
-1.8590059685009086,-0.1970654797578228,0
0.18080142523497306,0.07424750323136398,0
0.3085639042383212,-1.5475576665136404,1
0.026228069129824828,-0.40048005831976646,1
0.5261371257461628,1.6387582260580085,0
1.2851853210731479,0.2866082435981258,1
0.11557976798954754,1.2172394368088817,0
0.6473478043268125,-0.20299294843791788,1
-0.6796481420708929,0.8793309770810279,0
-0.03813405438371476,0.5048065456565382,0
-0.13709891546507263,-0.1659300511218918,1
1.3364384672435488,0.12368522485782386,1
-0.3547462040373646,-0.6410677935102091,1
1.2548183450008144,-0.2722011136646688,1
-0.5382908433530647,-1.3231642765266793,1
0.9386426802269958,-0.07932430439492963,1
0.2858669132086099,0.7589315230812129,1
-1.3746562173106007,0.7331682680428733,0
2.1347685426292955,-0.712041845122515,1
-0.5687891974321833,-0.9729583981141351,1
0.5270504649896206,-1.740583374115128,1
1.5805876491795574,-0.9340464199951287,1
-1.5004147338601748,-0.5542416209404818,1
-1.076453077733292,-0.9778873628753456,1
-0.1472857918596302,-0.5644740625111664,1
-0.6869074379036596,1.5861564373015193,0
-0.3025192054345523,-0.07280969686647303,1
0.2533925113769024,0.2236621776288363,0
-0.6549950056902469,2.10550247047988,0
0.8032225798770559,0.7553427056569798,0
1.0435810924164362,-0.029259627124871873,1
-0.16247145849963515,0.10194352329649159,0
-1.5215302256515248,-1.0223024727844512,1
-0.6656990858596518,-1.29218535785944,1
0.021950242043617566,-0.8466797663013279,1
-0.7945186065561408,-0.6145738242046047,0
-0.4233303144830023,-0.9099007535237206,1
0.07778947830941794,-0.44002731693768177,1
1.2813130079767616,-0.18941613410050726,1
1.916250043421686,0.020001592731861247,1
1.768013964912662,-0.35147563238716584,1
-0.39844978097248457,-0.3901899442078589,0
1.1874958600103347,1.068852729205451,0
0.13116279417474194,0.30622632912769177,1
1.3876246672567611,-0.44476282973949566,1
0.267012210090756,1.3845652026980153,0
0.3448690850085903,-0.9842758629543591,1
-0.8459624198298477,-0.9495485261635224,1
0.5512612393356467,0.45986008206745227,0
0.7953491564671592,-1.1304254727708876,1
0.15717770008344364,0.6274694969068517,0
1.195966266175679,-0.28626804686615404,1
0.19510614229105272,1.305491319374234,0
0.020456247517036574,1.0692180362380852,0
0.9729653472276015,-0.4113686515836669,1
0.06515623796417172,-1.4599300495301593,1
-1.184211575380606,-0.9268792233762113,0
0.8139500312690267,1.6001160212974384,0
1.0820606362854042,0.4639014046594943,1
-0.43239547058015204,-0.39469955118238315,1
-0.931682687366409,1.6218885423303924,0
-0.9430288291459619,-0.9434729906448341,1
0.9432296981963356,0.32692063390218246,1
-1.3546459264179016,-0.46437753004656623,1
-0.30513340782959614,-0.7584360588807548,0
0.18337031218990338,1.0367875216878264,0
-0.309138659098361,0.892981727527875,0
-1.3739592709811403,-1.1536983507085385,1
0.546183442162482,0.29942613617295727,1
0.9503857527284403,-0.0997637737861836,1
-0.3044444991882947,0.7566206231615301,0
-0.2507687359460712,-1.7058510748019484,1
0.8688139662084375,1.0045135362508972,0
0.5720356921763768,1.032544616186692,0
1.2000163759817177,-1.5090809849417937,1
-0.9943846993662979,0.7540495400109737,0
-1.9037639764060499,-0.5785535477772034,0
1.2841252830438998,1.2516053306663275,0
-0.44805395444262647,0.8658451796459248,0
0.6368975829502768,0.3798930994056742,0
0.1643232449731225,-0.36400246448451185,1
0.5624936779609713,1.7903121064420169,0
-1.4832214724372081,-0.27747694414435214,0
1.4647127688932653,-1.2789121847366594,1
1.1460469584739301,-1.687445250313726,1
-0.8259325853446775,-1.0054383663386774,1
-1.172314535276302,-0.08426969535517116,0
-2.43619058218873,-0.6712774603610432,0
-0.7591919425434339,0.7483442870676298,0
-0.5584616451714942,0.8185078086916043,0
2.25971438817413,0.5517539257958679,1
1.8129771518684052,-0.2806346191963285,1
0.25637435528770824,-0.8930611837241677,1
0.8062812385365079,0.22585866635109117,1
0.2276855486593355,1.634870006172756,0
-1.0922811504220586,1.56834085696227,0
-0.1272365122990365,-0.36162156501263126,1
0.2774395469841685,1.4542720379179461,0
-0.8435707878396528,-0.7855735720055497,1
-0.3501770603351217,-0.6912107309201131,1
0.09181141329583933,-0.4112898903073546,1
1.3351305390952166,-1.3393186949602225,1
-1.5085988917817554,-0.44091768793422165,0
1.5913583158984739,0.9792969894760131,0
-0.3134659874918581,-0.7395160174654026,1
1.6878546625024944,0.07078725993344769,1
0.908821341423056,-0.8498938789571748,1
-0.8805469089810422,-0.37441406120868387,0
0.9755301394554708,-0.8893515442931007,1
-1.1293357597742644,0.7980298375548045,0
1.193637910568205,-0.26796064188759955,1
0.13682451422762298,0.6542133881954565,0
0.5225009273108372,-0.7462232069262603,1
-0.4079583490130882,-0.8476284781341562,1
-0.8603899304154814,-0.22262948550616202,0
1.0150965026559877,-1.076662283462681,1
-0.9581187639890265,2.2108441287551686,0
-0.062305134503092476,-0.001972151039582479,1
0.12977457420311794,0.48049789987163577,0
1.1186917393694398,-0.9716535501924004,1
0.5016604062287744,0.14883950860126388,1
1.1118677218719673,0.2638329579677676,1
-0.8248556570573927,-0.8712146838128706,1
1.0253118266662398,0.8506862548150397,1
-0.8220236836027264,-1.1144741135957985,1
-0.6809187862587366,-0.4315331763987859,1
-1.2339877839078641,1.1264676525837498,0
1.6157408063748144,0.11408798796462981,1
0.19003287584750084,0.31153600695394196,1
-0.49217928372543557,-0.35680557867332935,0
-0.06018027534997071,-0.008464648826829839,1
0.1878190535031482,0.9840342169092671,1
1.249036004746402,-1.358211246690048,1
0.8397158192204898,-0.27243646045001424,1
-0.8288561117957404,-1.2038275556847922,1
-1.94465046260893,-0.3377399126876511,0
-0.48348139745133806,0.69680957710786,0
0.5537443096799822,0.20346316902301526,1
0.12836262376905233,0.5601483325821779,0
-0.5874415987272295,1.2495791282140076,0
-0.9506279855123946,-1.6216929738097015,1
0.6802803830954616,-1.752090809359829,1
0.5577630223771888,-0.5751094693111104,1
0.7930830510099762,0.9539373892041982,0
0.22621504327587774,-0.49644535701360226,0
0.2912438038275241,1.3143330228332482,1
0.49568586058261294,1.8498562467866828,0
-0.9144871124956955,1.713693045788311,0
0.41352977073392905,-1.7254943498041315,1
0.30611136588142457,-0.5750956361641729,1
-0.39699785733757065,-0.7596472740833237,1
0.1743482139886443,-0.09150370308302479,0
-0.07780440082088494,1.6603091508134842,0
0.7400630320452539,0.039162906560372114,1
-0.04212486042366646,1.8327873656613292,0
0.5130578003240939,-1.7158352767943232,1
-0.05360927540699357,1.4555694134893211,0
1.4234274283116195,-1.1933433417532813,1
0.13622225393210619,-1.540538428191679,1
0.822986101798343,0.7410947325999017,0
0.3247336396661789,0.04199471539941743,1
0.03102175672197542,0.9722374702610661,0
-1.1810706860181248,0.5566257545117731,0
0.36561134062913775,0.6314128607150847,0
1.074976730785973,0.6655713911012167,0
-0.35718678217470773,-1.0899476368901482,1
1.1100427953642742,0.23486144201482184,1
2.4410552448500726,0.06323035988088313,1
-1.5281784011406963,0.31161101169549155,0
-0.47601459999939527,2.080763981112638,0
0.6215658961990512,1.1552275306792377,0
0.05986958110823202,-0.09473921211683047,1
-0.8485196865441913,-1.485841044020166,1
0.9574173383576445,-0.34402351534435816,1
-1.217606721591632,-1.1115424243568284,1
-1.1721003271202934,-0.5434061903351598,0
-0.964792946910885,-0.06529943373632956,0
0.8241502784176804,-1.9132793297749051,1
-0.41571251719257846,-0.6130036260714646,1
0.3585721714620903,0.1843016143458188,1
-0.6330551566790898,1.3238659156154846,0
0.1433299683197812,-1.538251046769693,1
-0.009383193743437527,1.7146657657389255,0
0.4407840782545904,-0.5205799250934674,1
-0.10194050428265027,-0.31662497227715475,0
-0.5936715575811383,-0.5865699872948377,0
0.13492002666291364,-0.9942085880058975,1
-1.4674675388486782,-0.6981040595638855,0
-2.2637943030645027,-0.006515326355508411,0
0.11767836135712148,1.0500246757066198,0
-0.9885248169792794,1.6381760942617283,0
-0.27915376981564877,0.2776128876627974,1
0.6905507630866693,0.9870098086297906,1
0.5943932778124461,0.4574007639406062,1
0.45521569926946137,-1.2995230584581028,1
-1.950358101128835,-0.7436859997048304,0
-0.6716195996825641,0.9707021574180044,0
-0.23360589702078735,-0.1641624774756701,1
-0.33073398930233927,-0.28888729794565826,0
0.08034500474014854,-0.007183657132820636,0
0.28912804801870357,-0.29905078992876966,1
1.815982767954442,0.9075755532266929,1
-0.35489521712648514,0.15676630323739676,0
0.030799651663450937,0.7833458270090694,0
-0.5718526914967161,-0.21857041430900276,1
1.1864390433438028,-0.9794835678404522,1
1.5730757984560584,-1.08421780436672,1
-1.2087049201498221,-1.193342116705498,1
-0.9899516172506719,-1.4678725369543706,1
-0.9634313341239429,-0.6210153175490732,0
0.14072322023504275,-0.6352646122309116,1
1.6831168254397757,-1.7825641073177778,1
-0.8008960776608695,-0.5225272284993391,0
-2.0826580551717884,-0.22102135670572692,0
0.26654624317831993,-0.37197481663869714,1
0.4305015403639017,-0.6768693893788926,1
1.7919563676155963,0.20481724545538332,1
-1.7244902867210128,-0.3893768613867947,0
-0.8282204127510965,0.8038002429694443,0
0.38100972986031484,0.3436642648389918,0
0.8186822997793857,1.1000878015791224,1
-0.4175568904607993,1.1288442474464793,0
-0.6903437224713429,0.883800694355249,0
-0.9062498813461136,-0.290789364712804,0
1.8321536542246768,-0.6377104456946173,1
-0.5485843129724749,-0.6316736919168525,0
-0.986285523977789,-0.9613234360583983,0
-0.412982389836648,0.7449216111914849,0
0.46077926916824996,1.0287129920278526,1
-0.464820276071462,0.7233288175350788,0
0.3632614894728189,0.7949453395713214,1
-0.2587860507480197,-1.0298219856029813,1
-1.1888323996551795,-0.8602872719563417,0
0.4931854458697858,-1.338424557294472,1
1.0561634891089382,-2.3211795875729666,1
0.7014461206246565,0.44543658719081247,1
-1.5230689812633182,-0.622432689622639,0
0.1693229544056981,-0.3279241245601431,1
-0.6722945729471496,-1.0358272461413962,1
-0.4418451104622337,-0.8485755367540841,1
-0.480670015911053,1.2607585757053232,0
0.04529256127173878,0.37202199623408694,0
-1.5816789128792659,0.035469155415010716,0
0.26798570706305475,1.1608214290418648,0
0.9727550070723645,-0.8936674013957723,1
0.83937140200146,1.3543892049561341,0
2.1285131094942313,-0.47348156996879076,1
0.7824490872112488,1.4131344082103354,0
1.8996211614679868,-0.07896382651242038,1
-0.19477501388454366,0.45288917011016533,0
-1.4086511067856762,0.4467521813320045,0
-0.32436363813127517,0.05060268237997604,1
-1.6231970955270247,1.3272489951317903,0
-1.3074502674341524,-0.6421805252386775,0
-0.1446050547258659,-1.2737175268379264,1
-0.790543414442819,1.202880575294247,0
-1.849242663675574,-0.7715422685108827,0
1.3531375256559628,0.3761122904931675,1
0.8025366598527134,0.42385072036409577,1
-0.8106260358029106,0.3587344480794171,0
1.3297985156935328,-0.33174053254667846,1
1.2869774247073533,-0.5052560539833764,1
1.659501939641831,0.6906933491966776,1
-0.30633405690548493,-1.376287893594574,1
-0.642117219896082,-0.2007192877877197,0
0.7319901194442598,0.21136777101010504,0
0.6672371427859086,1.1453612018987795,0
-0.41992426023726626,1.0399037236701811,0
-0.5225862345948359,0.43955076699226825,0
-1.053816319007171,-0.26021880604223474,1
0.022991403688237794,-1.3005551620418063,1
0.0973733102906348,1.287297995019127,0
0.19833973939304486,-0.046460782367884146,1
1.315275181198515,-2.332864059197635,1
-0.8180237278025602,0.4892058157859643,0
-1.35836886244466,0.7605411279232389,0
0.09132918980863367,0.3550001465161778,1
1.3160714908012776,-0.8967403660990502,1
-0.8444874921229646,-0.7412738385614264,1
0.7531282244016867,1.069773795488109,0
1.1246688064273356,-0.07332588131639668,1
0.9254357547827043,1.4804355520350778,0
0.5564954660012948,-1.9262724608420316,1
-2.455022552399343,0.2808899474650928,0
-1.6834534729889967,0.6171349305507414,0
0.4666789565479428,0.8305031204524054,1
0.5903651139541684,-0.11621104205781325,1
-0.7376506323265399,-0.41312009102845737,0
-0.03530982383685542,0.07608588260771547,1
2.4932562567127476,0.5909678976989587,1
1.8844739018283776,0.5678609837810277,1
-1.492710868035035,-0.7890853326528963,1
0.8050136226193004,0.07803116957364849,1
0.9385536824931366,-0.6385456316241689,1
-0.048585659227949315,-0.7195849533751045,1
-0.42388054836062306,-0.7941624510851466,0
-0.7538101348264601,1.5754395741451392,0
-2.116663419060049,0.41746468303436934,0
0.7465628650676018,-1.0787469998961423,1
-0.5435502851138887,0.869747106066409,0
-0.6080608941497648,0.02047793547401737,1
0.08843655387148283,0.30626079903517667,0
2.3800017895095316,0.4391253215558357,1
-1.1735839321692616,1.3285245084124226,0
0.6772514576773216,-0.2973129730457973,1
0.4013200035829087,1.7826915470399194,0
-1.4722131113780892,-0.20509093388022004,0
1.0681186162439753,0.037873833476384566,1
-0.19019506913895293,1.1475614036769273,0
-0.9094873363342125,0.9932227893745901,0
-1.6808661809247085,1.007956569907812,0
-0.15695233639506845,1.7889182965652046,0
0.7317396899064262,-2.029561493129298,1
-0.7333417360927406,-0.4568563911986244,1
-0.8539550462849554,-0.2802314159401207,1
-0.3503693783167129,-0.5402157827634125,0
-0.7138181223856785,1.5913279692773972,0
-0.41907692649321154,-0.33130812415809824,0
0.5041475431395931,0.0974195031421006,0
-0.7982475245339227,-1.2260306314347578,1
0.3619871702462482,-1.528417068895025,1
-0.529349190254519,0.19736378942330335,0
-1.870649102753102,0.7434552438475958,0
0.8465192300165446,1.25998478881076,0
0.4031064360812291,1.2173033854699802,0
1.588665786015091,-0.04090909973228849,1
-0.5559928324610797,1.7559977477388071,0
0.2749228856813875,1.3293684346400374,0
0.30075730006709595,-0.772760922978811,1
-0.03277687059770538,0.14318692179521855,1
-0.5590812993403431,-0.9516874298612855,0
1.3115588916778673,-0.6973457275113717,1
0.607988106583172,1.5287105190587151,0
0.7751448732578744,1.3731976133741757,0
-0.24187897067832256,1.7599317237504144,0
0.6552140283451819,1.3602979459630673,0
0.44507699568332065,0.7184300764210753,0
-1.1629489078416202,0.46810902225041684,0
-0.06026544419316683,-1.0199971092841522,1
0.5747461408986642,1.0961491932703158,0
-0.2166217322749505,-1.5777949985234154,1
-1.1559933130193556,0.6887621298214356,0
-0.820860416247218,-0.32877978922847495,1
-1.784934296529004,0.7296732781332477,0
-1.0258567569875505,0.04559371594574496,0
1.1951703024102345,-2.340925207934702,1
0.7146963466312111,1.231453301294164,0
-1.807771701389324,1.4284561200012258,0
-0.8654532747041023,0.324628060949277,0
-0.36423153340025555,-0.5423206414276007,1
-0.6293178188351043,-0.6676833351874202,1
0.14312548331374045,-1.3907980907523758,1
-0.2600294402852337,0.5334817893938354,0
-1.1865276770011557,0.9809523901336822,0
-1.4777468778368408,-0.8198102250161721,1
0.11984972453524187,0.5840823585072525,0
1.8644855018466409,0.6280046091584577,1
0.08207162826373779,0.9892209699316475,0
-2.118979685165413,0.03493852677777189,0
-0.8948193843654249,-1.0104786180033736,0
0.32612693168110185,-0.658614819732878,1
0.6311546220115557,0.9888898584328097,0
0.8736941463330906,0.5250402425276879,0
-0.5624614576029947,-1.5403521713456483,1
0.32036714986031134,1.844565424424937,0
2.057128887968569,-0.9148513714437543,1
1.4475812975896094,-0.5838411800350061,1
-1.7461466976732194,-1.0119444254949095,0
-0.68619816760565,1.399996075601179,0
0.6579337917253514,1.8117827901339698,0
-0.5660132992506289,-1.0654820733142418,1
0.5060519953773869,1.2711435606539596,0
-0.7807569335124652,1.3159380122843907,0
-0.02199500278174921,-1.2429646138412793,1
1.7672257879263376,-0.8496329239506397,1
0.9236158205945953,-1.498577312228182,1
1.2505968102917335,-1.0558039342342922,1
0.7955792416151044,-1.6504919091339494,1
0.4468114061001776,-0.8100202443024498,1
0.3558142984116129,-0.20500178500662147,0
1.346235944900225,0.5057438734967025,1
1.18621445868794,0.05058836790328768,1
0.4516837867563246,-0.002022999821869521,1
0.4571687262980397,1.5407100465054246,0
-0.07444613347961589,0.029020065555620117,1
0.7907470474032867,1.4623246827290848,0
0.5377791856252032,-1.103756494533877,1
0.8441688728306774,0.29323987944566354,1
-0.7184780397955159,2.0410488289272064,0
-0.21863478122592955,0.27459723039293976,0
-0.028003716153716097,0.3747365418521796,0
0.049965549759510335,0.9947411989609843,0
-0.29144265422415816,-0.33616258100643226,0
0.13094894933563703,1.4499033908666754,0
0.3689243684280588,-1.800457259675013,1
1.2377391749092164,-0.9629130962123784,1
0.8921480050088564,-0.5175578501696262,1
0.9672456153692159,-0.26670633097429514,1
0.9988415006366274,-0.5361243549067357,1
1.6024187569296517,0.8758722962482514,0
-0.2920529585814246,-0.5899819496437242,1
2.225519981499637,0.8006683435622444,1
1.7707609061086094,1.0198234946545142,1
-1.142897115876361,-1.0417953712954304,1
-0.46531488682309463,0.729641299367512,0
0.7761338494266337,-0.3192181062261424,1
0.06336206803661698,0.08081598778898512,1
-1.883854713803026,1.1761014773671958,0
1.4558283609574347,0.7251535885927569,1
1.3025744150482497,0.14775205872978162,1
0.19710019111886914,-1.1671800943586876,1
-1.4595707604149626,-0.43422240872431317,0
-0.7826502457389332,2.0534206618142927,0
0.024998629800284323,1.5137753031181482,0
-0.8063979992371222,-0.8042274571680713,1
0.9330291395977554,-0.01076396043523816,1
1.2235681243272951,-0.10617410316396739,1
-0.7971988625503671,1.1644353996919365,0
-1.2213412263560863,0.9995071772139184,0
0.2774385309062598,1.9336657728497537,0
0.02344586010815664,-1.6309002553022223,1
0.07313872758367208,-0.8094154583854488,1
1.4045628462557325,0.9375017208423688,1
1.016995347496532,-2.1492322619656177,1
-1.359734212889099,0.3184711948099142,0
1.2196296777891613,-1.3944447608199269,1
-1.476392115663378,0.4127964443211716,0
-1.6848034136965155,-0.8978419109375273,1
-1.0303339221511432,-0.7297877336511588,0
-0.1496998542000357,1.7167187594165632,0
0.4334224176125978,0.7634334022257762,1
-2.7273836366361603,-0.5191967395067026,0
1.053385919004906,-0.5146038785936811,1
0.2602187371426704,1.651252157312629,0
0.7163901641315019,0.6727472410197497,1
-1.0524291939421375,-1.099599588237604,1
1.310689879548418,-0.20421284532384307,1
0.4005155960964753,1.0196663716289356,0
0.8176520725858777,-0.04085272490209667,1
-0.8812736247102843,0.20050187053520407,0
0.4543288144286333,-0.3279628985487726,1
0.8575693894460205,1.6264165028726,0
-0.6498238295709264,0.30752598485033733,0
0.06321183587479816,-0.4909288238758653,1
-1.4382432912484528,1.9159279103937392,0
1.1054404691344366,0.8182759059159401,0
-0.19901154835501542,1.5871915353928452,0
0.6085869817624701,-1.6929334980509314,1
-0.07651800185551971,0.42950368161708535,1
1.5016993720531266,-0.18072857596314512,1
0.37880570736954183,-1.22560778977264,1
-0.7924286188620903,1.904971892038418,0
-1.0457155278765105,-0.9892810780290706,1
0.546991816470341,0.22644024904217291,1
-0.6444857168195745,-0.12493805376412057,0
-0.33954107775342884,-0.4852468579312662,1
0.6417349939446434,1.6227226176325393,0
0.3434714927944466,1.4833753164485088,0
-0.5852618894037406,1.7741823762880404,0
-0.2050021145433635,0.8072339428830838,0
-0.07671163472576296,1.314522323022301,0
0.09507492594466242,0.19459065758568972,1
-0.7649545819420689,-1.093900572702759,1
-0.5546677251741277,1.6387223193476017,0
-2.381898320961693,0.39415582397717186,0
-1.6716029338845078,0.38863791853882895,0
-1.6117080282135121,-1.2716407779381094,1
1.899709350935791,0.8777086257426174,1
1.5664072571553063,-0.35708220534862467,1
0.14590720505673305,0.8186133391158014,0
-0.42601853938525813,0.5299134319205945,0
-1.503038679862541,0.425711865281559,0
-0.5503238235878601,0.44258031779629325,1
-0.7145860341216649,-1.1035755816123787,0
0.8391877576566887,1.66761605152712,0
0.5052454968350865,1.850972893397864,0
0.21889234222935244,-0.5187075043670458,1
0.4960822997248297,1.0502471935604416,1
0.1273045410577788,-1.4453865419541303,1
-0.5871320350121656,-1.689309156831463,1
1.3981066502755886,1.5234054524605007,0
-0.17972439172109608,-1.2088161074542039,1
-0.46961148967559363,1.7821928142706915,0
0.1488823044851635,-1.0284991920979838,1
0.812548931631012,0.6127947351189612,0
0.15308095412312558,-0.9700902174447921,1
0.9303336780595759,0.7149292424337893,1
0.7980269583237117,0.31007810818567494,1
0.11406453492678517,0.04044355817054267,1
1.4322548831918327,0.8070787349596197,1
-0.7442825787387704,1.6152373718981967,0
-0.12745487142457432,-0.7848156385743322,1
-0.5325271401496754,1.6679777841393857,0
0.12151512736708597,-1.5058252391594702,1
0.4311593093940928,-1.4292629253891436,1
-0.5086154797394804,-0.4925700630797836,1
-0.2764408053868379,-1.5914576429479963,1
-1.2439513362208008,-0.056995551184363016,0
-0.08166875041057091,-1.1055010539749308,1
-1.1748012016232565,-0.6503846350504476,1
0.35762622530830596,-1.2013270502888977,1
-0.21908031757771748,1.373458844578134,0
-0.8913836434716539,0.0856883306333135,0
-0.9331118536647051,0.01888094793678874,0
0.7719116600524304,-0.793282962868735,1
1.7300054478967652,0.273236356813428,1
-0.742412202525871,-0.2491861711166451,1
-1.0033532794966007,-0.1378947287612287,0
0.21419030487721508,1.0418699746396567,0
1.0348006709595179,0.3335247952250365,1
0.15444583445986093,1.0780127202392267,0
-0.6906415047893554,0.12503110286650423,0
0.10964603862735964,1.8596272702338033,0
1.43105962671142,-0.5870390420315145,1
-0.5254484660067408,-0.9658526839828024,1
-1.4527847162805536,0.8360584782529951,0
0.7402701003952052,-1.3812333077897807,1
1.0581470055921463,-0.0535591484606901,1
0.017085118236369334,0.7460440077992465,1
-0.6766708450522161,1.1113981758584057,0
0.22153393560560705,-0.917064879200266,1
0.08611066131552006,1.0912389227454697,1
1.2691705698353883,-0.8455807546653715,1
0.47492983316380816,0.1310705753654649,0
-0.18397698944327265,-0.2338137854373305,1
0.9907400946439487,0.8948144563955155,0
0.6794204404094258,-0.4451854957286543,1
1.0996444390877949,1.650277018955948,0
1.3304734387669448,0.11771070820234909,1
0.19729599380265378,0.6569365296340658,0
-1.8425993744655869,-0.35471535438720364,0
0.19237742010301723,-0.6472928072328572,1
0.09610421705491444,-1.0269417509280208,1
-0.20568204044013613,0.7214309798760984,0
-0.25901066374781884,-1.1402405200898889,1
-0.47902993684354456,1.1759223636806748,0
0.5847959759833906,1.6170783644464217,0
-0.13784117630379186,-0.19927218208193082,0
-0.3002175893828632,0.853097246369465,0
0.07868612289014146,0.8867587269704844,1
-0.781587223323418,1.6797301766758468,0
-0.14080930808336178,0.6124701423781562,1
1.1305437346147205,-0.17332220580297034,1
-0.0908934675283583,-1.1369645754721651,1
1.965035056843331,0.7490671562181365,1
-0.3270771134483178,-0.07076056616012842,0
-1.346725077008039,1.296769472395304,0
0.03153003557134084,-0.20142712352132247,1
1.3630620839350527,-1.2033532985126296,1
0.7002114682650037,-0.642016007380072,1
1.6554062971603267,0.19737867047793145,1
1.8886382001509032,0.20693442123631978,1
0.7219598676125127,-0.7884446078413969,1
-0.5028307172538454,-0.5876701158724636,1
0.09082250673219616,1.8237538389553376,0
-0.8017962082175193,-1.0482135773516053,0
0.9930425747891701,-0.2987908609538684,1
-0.6922811472843726,0.7507286366071064,0
-0.060736645521448224,1.6758593588436885,0
1.0089289236551546,-0.8788248215540179,1
-1.3322784586373049,0.29159387500837336,0
-0.5617151944029182,0.0680008036195846,1
-0.8408692065006466,1.5624424288901488,0
0.8583735139457441,-0.6550258744453673,1
0.8522772135327893,0.5493911966898645,1
-0.7066233193677475,0.6969384650341153,0
2.0603644933912135,0.04267713804630563,1
0.8650691559155986,0.6819683901352095,1
0.4249010224153316,-1.6631878120880303,1
-0.12035307577106014,1.9931974996190303,0
-0.4352896593277728,1.0014912666520999,0
1.6608318800095865,-0.5191356360271571,1
-1.207992678389835,-1.21514896949474,1
0.7058307375661234,0.639945077380168,0
-0.9316927303553469,-0.7977037229034402,0
-1.711923856935933,1.2600622710237765,0
-1.675328664919876,-0.7090622546030582,0
-0.44684534224138733,0.37647374950919543,1
-0.1774895866539834,-0.44373446289730223,1
-0.9166824165148124,-0.04207750481196371,0
-1.2357204893721034,0.6395642264066094,0
1.2110302310879082,1.2833433061788984,0
-0.2991852996397313,0.6444836951967767,0
0.5515047721079962,-0.21500127208976605,1
0.9510831270012482,1.0445711142552043,1
0.4181343250812585,-0.7216341453722734,1
1.0923034329406354,0.8508477606203505,1
1.2573465421459176,1.2396289719046893,0
1.9173543914680646,-0.2944454122286062,1
-1.0153683829522604,1.9409740441146008,0
0.42041770962924324,-0.5304363288758575,1
-0.3382684322533767,-0.8794372916831642,1
-0.8339360230117724,1.0771756209044197,0
1.8081621813572284,-0.18159055156842985,1
0.4382630663077839,1.0806062860812635,0
-0.772500430073195,1.984716543519072,0
-0.8927857223030381,-0.02236692981383671,1
-0.5661759370582018,-1.3395740881251461,1
-1.350635259678738,-0.3864961734536974,0
-2.375311433576326,-0.6356122537710737,0
-1.0721817628498083,0.07806365567858936,0
1.1421662570778486,0.4431350445184769,1
2.6047825758621164,-0.158731133046509,1
-0.2547452036034033,-1.2443629317069,1
-1.4095506683558066,0.29973247054502694,0
-0.4073975082075883,-0.9262240508165076,0
0.35563778570558885,0.4080081948015703,0
1.5876395240342727,0.7130021335950371,1
2.381489434694844,0.27264207562683296,1
-0.7315891679558184,-1.3994727132765878,1
1.5933242886404368,0.6403790497599943,1
-0.17515154835124755,0.7762930651757571,0
-0.04997994184335161,-0.7104885204343987,1
1.136549149756884,-2.1083054808958823,1
0.10525716838574496,2.0463842267123282,0
0.3418876298806898,-0.46799768367096295,1
-1.1562546850680817,-0.36916559317078895,0
-0.6984613993411393,0.08031605709219086,0
-1.2221503275516306,-0.011565352188309161,0
-1.2364095007693638,1.9717842867817272,0
0.902690889548848,-0.7317896213586234,1
0.31793749513734676,-0.424079105589663,1
0.6100062943414823,-0.4009591621792664,1
0.5794764229576049,-0.363769645048236,1
0.8015043438943001,0.6931385843770608,1
0.05956344038313174,1.2206962750595587,0
-2.1842217726547757,-0.2848786797071012,0
-1.1692418635681783,1.4706018356779536,0
1.310380624879986,-0.40927551122098027,1
0.18797544905284286,0.9605226375903784,0
-1.6175627736635345,-0.29165101082612865,0
0.5218856218227761,-0.1712353898664517,1
1.3456682441607006,0.8423432377351472,0
1.0844598331157493,0.675770152856375,1
0.518046780518613,0.48750476388775976,0
-0.5304353318062033,-1.0246747044777875,1
-0.1822194184742533,-1.370894025566586,1
0.03564443193872146,-0.07186777720610073,0
1.479914490041923,0.980612855976786,0
-0.7207765452674015,1.8669072854532727,0
0.30518083144961555,-1.267751992893337,1
0.7957276202076564,1.5801713305120675,0
1.3744095885797807,-0.510445631128415,1
1.0746885436915137,0.6959290679764796,1
1.5778810779730712,0.4748020652927381,1
1.426358051977202,0.9741310260062848,0
-0.36567484447931087,1.672697121209162,0
0.06314015800472872,-1.1578408907271625,1
-1.1721130239170776,0.3562109742352467,0
-0.13836664098692544,-0.8013323116928632,1
-0.9272270891449522,1.8128601466650902,0
-0.8398148440666656,-0.4725351874970182,1
-0.15616841233564574,-0.9708622390090292,1
0.7390585509670855,0.9085299939689558,1
0.27923656978774747,-1.7000767836898771,1
0.07849142335230441,0.9449173707884065,0
1.1991264069327525,-0.287845813606891,1
-1.9464453843810767,-0.76004015997252,0
0.36582817116494015,0.7109489625094425,0
-0.48123573696845107,-0.19080854264169828,0
1.3908275103934336,-1.0072805712933592,1
-0.3363132724541421,0.6775449085945269,0
-0.6874687058427469,-0.0900602621150732,1
-1.4215525545946963,-0.1396048717514783,0
1.0578146598981493,1.2126936852859285,0
0.7629790258646647,-1.5472371781378222,1
0.4226927227612993,-0.6689621918698284,1
0.7138885926235897,1.7183832098947327,0
-0.8891503471810988,-0.7284849041921098,1
-1.7928413832971521,1.5139308581572959,0
-0.7440041614447025,-1.5275668491613348,1
-0.9265391014587548,-0.506331217388389,1
-0.0665327442458845,-0.1966511288877299,1
-0.7282783845324562,-0.23001609699853942,1
1.4560894576272436,-1.829210428249672,1
-0.5074186722448015,-0.5386799756566424,1
0.016849111176532785,0.5329448059109043,1
0.47683331505082954,-1.886777725128105,1
1.2902182688658994,0.25701351836917297,1
-0.4055632112240684,0.8957142945332953,0
0.3052243639664171,1.4184814014917564,0
0.3957143867916519,0.5356199746834555,1
1.2782544147487702,0.8076223190501628,1
-1.7191719271162258,1.4799445953898838,0
-1.2194530581217822,1.973035808074667,0
1.4944817430113262,1.4542874697606982,0
1.0888025036803182,0.1821693683706225,1
-0.022436020943957316,-0.3999063861374432,1
-1.1025145656218003,-1.1895003455092426,1
0.4718439467627099,1.0655963215679174,0
-0.4778902309908484,1.1261103044280427,0
-0.714353794282683,-0.494715599510196,1
1.2722493554792518,-1.8125452552003365,1
0.5181957120601475,-1.2872998464041152,1
-0.9563931850359151,0.5640588708868223,0
1.8615501018595981,0.48828980568772856,1
-0.16965292859603417,-0.3369818566662078,0
-1.2534928535197007,1.2582684356477467,0
0.6961929597977287,1.0618160863474866,1
-0.7744765329945081,-0.8975082069712467,1
1.676658830434088,1.2608018491645296,0
0.7815224057270567,-0.3101634146334071,1
-0.0969380864654291,1.0982366849994192,0
1.1851682175325728,0.2661093226523109,1
0.0969074573507931,0.4501294789713516,1
-1.6162458768676977,-0.2758750446643939,0
-0.364506377467235,-0.5863013401882481,1
0.4274511973524268,-1.77242437127065,1
1.0532773282919152,0.9443073598888043,0
-0.3601255186668549,0.05133241507638375,1
-1.0771542286167473,-1.705191323576155,1
0.010878089950803123,1.117132171572218,0
-0.07628812498886908,0.45626444248066034,1
1.0866099438474068,-1.3837945490418062,1
0.3265497122436232,-1.660822851324353,1
-0.269095692938432,1.4167335265014263,0
0.24009555470223282,-1.8499680860378445,1
-0.04889193633213277,0.6253306070219207,0
-0.32040277808853307,-1.3701168389647842,1
0.7450886153864492,0.9285098742340726,1
-1.8356530100092971,-0.6451120995002134,0
0.19033753257068886,-0.4336532972090764,1
0.9862763794196643,0.441685114653988,0
-0.5212811176677196,-0.9245082143958504,0
0.7370684808850927,1.000402837953776,0
-0.615497314276619,-1.143162404004301,1
1.044464121271552,-2.3225799655073742,1
0.41304384091211244,1.3586253256504361,0
-1.077586625947047,-1.491847393440614,1
-1.7159901835801292,0.11938150444323273,0
-1.3200187305536502,1.2676853906835552,0
0.02011174243263605,0.02818852795751768,1
-0.39723906186775065,-0.12343556448655554,0
0.7999473105744876,0.8105569887759957,1
0.5681637158271775,0.9830551574369126,0
-1.0015287526397878,2.095764070647274,0
-1.546714382031241,1.0339371222697435,0
0.995397204983627,-1.2675557283561887,1
0.896588609037874,0.283972006874296,1
0.5530191618088547,-0.9330761022075756,1
-0.39157454012869847,-0.9379932720144942,1
-0.8012091931447067,-1.8505914825181726,1
-0.7090717245414518,-0.5422769032379001,0
0.8960424044208889,0.7537837306857017,1
0.4032741850255603,-0.35526935310846397,1
-0.47187287354427776,-1.4346487356216016,1
1.2811228262480725,-0.6244737437354191,1
-1.4046999818313914,0.3863623665364254,0
0.11468161786928323,-0.1338374562822961,1
2.2565592229535105,-0.1987583859595693,1
0.19221514307687554,1.5685921609194493,0
-0.496912212298602,-1.4825662490732567,1
0.9349951880247379,0.585142542061533,1
0.8326361408070082,0.7005302122318716,1
0.6071701054070022,0.47528623989229885,0
0.09768208179049073,-0.515157322968566,1
-0.3096859889555699,-0.2646468129368393,0
-0.27461534281998273,-1.052494011979269,1
-0.9002646577785413,1.0045649117077102,0
0.8747776722409365,0.7215767924030299,1
1.2077494977561127,0.4024221088739371,1
0.41874124051276623,-0.43930218155160883,1
0.9361473719668995,1.1302882204722202,1
-0.4114745837033056,0.37307057504763447,0
-0.4990836088055183,1.0807428375413604,0
0.6302617395947634,0.6828610859128271,1
-0.20467398515091542,-1.2198309119187887,1
1.9976359981686274,0.35897471242194673,1
-0.4419470337064255,0.5621755018447127,0
0.026093172014552368,-1.684721561309821,1
-0.6199788213175733,1.497900366560729,0
-0.44782758594432154,-0.4498592050597408,1
-1.017679368262923,1.5081167774034419,0
-0.30167879937988434,-1.0480365799833984,1
0.8398564246186682,0.6743708001617058,0
0.04893951474864518,1.6484025403465075,0
-1.840157196800808,0.4002713078544875,0
-0.3932339761149854,0.6231637916446241,0
1.3188908411306137,-0.057635223809211225,1
-1.6854980940413435,1.061731434883254,0
-2.085676256667638,0.29862892642573474,0
-2.2179854155851286,-0.06474314227411028,0
-0.7471118858615398,0.5747238462917154,0
1.1362133255422133,0.20363562376218086,1
-0.06151285270512235,0.5017928421338292,0
1.8218922289660282,0.8511078031641498,1
-1.0347274720676496,-0.9551453168878978,1
0.7154512805246027,1.3642253955499875,0
-0.5802025313676261,-0.6673686190214624,0
-0.2557033157285452,-0.36431278637533865,0
1.7114901321479605,-0.35651043477393324,1
0.3241232791273686,0.26329095692066323,1
-0.26386873287602547,1.3682860677604345,0
-1.5652307267483159,1.0247736130896177,0
-2.025140019474631,0.2683974785245963,0
-1.1764340966489866,0.30378518861413484,0
0.5074952296439603,-1.1094302160344476,1
-0.32905506069943624,1.4020010255170066,0
0.007736792588664516,0.043051786363972916,1
0.4778398821110775,0.41039457606670704,0
-1.058370181508574,0.568964448486766,0
-0.8588474744755968,0.13436294273122973,1
0.23725610352871657,1.204654213382583,0
-0.5669395128876247,-1.1104599434631746,1
-0.5901154782480843,-1.0032408596793516,1
-1.622871521074204,-1.0478631321583916,1
-0.8027329504025035,0.07856939866137361,0
-1.3294749307519385,-1.1978566595760258,1
-0.5607108915368043,-1.5417107335704552,1
-0.23852154021894073,-1.7851337771443256,1
-0.3173118912295992,-1.4287004918255994,1
0.039296452677118385,1.5767321808400039,0
1.406173020818579,0.6178008687910153,1
0.8974357978951615,1.2125897613266523,0
1.1934624028654448,-0.5751350323382077,1
-1.73824162077273,0.5617095500086937,0
-1.0137095426589493,0.14463571606150485,0
-1.3894891354205094,-0.7057708044414489,0
1.0030725449330837,1.3379863653668633,0
-0.24024181799427194,-1.4258662997030782,1
-0.12996474852753664,0.899311679667345,0
0.784901625929845,-0.8674584372052507,1
-0.1712793809944204,-0.3720170701887799,1
1.0429297555187738,0.6390876401929243,1
-0.01342186720947301,0.4134529920000036,1
-0.39951892793047833,0.15167273903615178,0
0.8958493157430327,-2.116506491160249,1
0.24782892400305537,-0.596005844729724,1
0.04282422507013697,0.5276692861857132,0
-0.21801386865805852,0.06010059328884744,1
-1.2979375960252326,-0.12525403906481425,0
-0.08864206789194361,-1.1853095044407713,1
0.4961315284443555,-1.804055974442952,1
-1.3802791617423558,-1.198922012766018,1
0.018176051710741284,1.501119002061719,0
0.33284406222573387,-1.6892903671129078,1
-2.1547513743622106,-0.7109024286319118,0
1.1664660830755431,0.16222839399624844,1
0.7320253711821145,0.983580591442032,1
0.9699766581233528,0.35045044659838914,1
-0.9267612564150661,-1.201113199389714,1
0.6731692099959928,-2.0415969648032455,1
-1.80294251306754,-0.3853722819575187,0
-1.44186392150395,1.3026258092639589,0
1.4940782016180516,-1.055007996373397,1
0.5515846102548118,-0.00837303872777738,0
1.3241249773513033,-1.7392165873948817,1
-0.2425845826652205,-0.1368441927965714,0
-0.5422401508606356,-0.8413831947726534,1
-0.621226112228387,-0.5205765438888215,0
-1.560569306405714,-0.040940479575829136,0
-0.6492783370036312,1.634998705926105,0
0.7786807875552274,0.848440929040129,0
1.210275601424265,-0.6465168993760065,1
1.7913307751718457,0.8104441549291524,1
-1.4131366930657003,1.2328741823806573,0
-0.061010995731142784,0.46191842290305835,0
-0.6802715904897626,0.39550067086033314,0
-0.021972489483740042,-0.22447448508148515,0
0.5958451106511646,0.08054332176757484,1
