permutacion,f1_macro_nulo
1,0.24976775258413478
2,0.24663197227664618
3,0.2535659841865026
4,0.24326726639244434
5,0.24656362851687785
6,0.24879692881204452
7,0.25321206978292454
8,0.24311452062981012
9,0.25462389982759004
10,0.2533435986828725
11,0.2534593511375325
12,0.25200618631988614
13,0.2550399181622186
14,0.24495977489484558
15,0.2516007475393558
16,0.25433068524460956
17,0.2563016967654067
18,0.24773037273559673
19,0.24863842360237318
20,0.24521837231471183
21,0.25388638931066254
22,0.247029371993985
23,0.2556805619953914
24,0.2428758614855377
25,0.2582736280071707
26,0.25297263032879136
27,0.24391189099658223
28,0.24390463486279734
29,0.2508147786512759
30,0.25016313352081165
31,0.25307205834802343
32,0.24989560966437724
33,0.25018249654143393
34,0.2528670445413398
35,0.2536745362810569
36,0.24682943126594015
37,0.24739676719772905
38,0.25266097123388276
39,0.24484895271555626
40,0.2461273341857576
41,0.25339864059633477
42,0.2536203717566067
43,0.24772443267236086
44,0.24555613051612168
45,0.24468539800910907
46,0.2576874588619803
47,0.2459603246052612
48,0.2423411515720531
49,0.25091218089376105
50,0.2531433188456704
51,0.24461029476046459
52,0.24826739935402065
53,0.2517556058509735
54,0.24493657844576333
55,0.24694933064935987
56,0.24974818951001626
57,0.25331189667378445
58,0.25001692180974955
59,0.25306485041829524
60,0.250586189081772
61,0.2575865625090742
62,0.24680580662802531
63,0.2512695239168717
64,0.2512210490967014
65,0.25067785053209823
66,0.24672753704187378
67,0.2478290728005141
68,0.2480344341889889
69,0.243706923487553
70,0.24595087220657955
71,0.24691754549789605
72,0.2496726554950991
73,0.2494691673628939
74,0.2477287723192547
75,0.24763128572212106
76,0.2494570883951987
77,0.25338377225532605
78,0.24809031607320417
79,0.25285216517334896
80,0.24572400846255055
81,0.24769686339098082
82,0.24662065954815543
83,0.2444943540778777
84,0.24985326459519142
85,0.2584805975673998
86,0.2519441257213023
87,0.25059191802242364
88,0.25032251448717213
89,0.24876211092439632
90,0.24405566292002467
91,0.24362165495995938
92,0.2479523325072422
93,0.2527920530812381
94,0.2497654816033123
95,0.2501484513386295
96,0.2450682336347638
97,0.253538197037441
98,0.24918380628090786
99,0.25643535457914457
100,0.2529868761789809
101,0.24890088742722158
102,0.2412495761349729
103,0.25124267962461855
104,0.23591435749937748
105,0.24144532646503142
106,0.24611296821807543
107,0.25144434378648806
108,0.25453235325158646
109,0.251383611982956
110,0.2507433272115018
111,0.25148113307526654
112,0.2526320487441389
113,0.25873318892480196
114,0.24953479202353773
115,0.24997712242845643
116,0.24844090404917546
117,0.25285532835987845
118,0.25083101513793554
119,0.24534683504208385
120,0.2456934615799301
121,0.25697605193539663
122,0.25612180489902886
123,0.2472975800845199
124,0.2463074826709408
125,0.2525726418974753
126,0.24964770305572015
127,0.25225231928675923
128,0.24725812574968356
129,0.2474938785120218
130,0.24993867947170237
131,0.2441980151015974
132,0.2561376388057135
133,0.2500414249185537
134,0.2486438020612436
135,0.24944456438861662
136,0.25509273269448035
137,0.2440441162394901
138,0.2480681640018184
139,0.24602421568501773
140,0.24599751476957016
141,0.2500899273030136
142,0.2501151203974279
143,0.25179228443308654
144,0.24571427176018168
145,0.24400132279465
146,0.25572516932870226
147,0.24758570214464004
148,0.2573916071197816
149,0.24420774789366123
150,0.24150235158210132
151,0.25454213424770705
152,0.24541245912919016
153,0.24879919940511935
154,0.2507527606258312
155,0.24596933891903522
156,0.2463326440986058
157,0.24498102417031967
158,0.24648828165437486
159,0.2500863034363773
160,0.24596531233566374
161,0.24680038684059097
162,0.25370188900452834
163,0.24962362353131395
164,0.2494131388072113
165,0.24491546037303763
166,0.24437926480386563
167,0.25008512055346543
168,0.2456631565646178
169,0.23777826021705034
170,0.24842531274603438
171,0.2540510582812474
172,0.25041547760503796
173,0.24700681895877913
174,0.24688896283453104
175,0.2490499859623281
176,0.2622445385770978
177,0.2420387233488272
178,0.2442562240466964
179,0.25304584481034154
180,0.24539301971128952
181,0.25448621064718013
182,0.24074428181741564
183,0.24307191900701666
184,0.2515999470328701
185,0.2514538998957502
186,0.2447584315750026
187,0.25221419949848434
188,0.2457051326108122
189,0.2528245545864969
190,0.24950928945972092
191,0.25274783053909555
192,0.2560413409081991
193,0.24384209441396446
194,0.24909993983677256
195,0.24812136363163056
196,0.24847756180573155
197,0.2522867120713548
198,0.25331844163174655
199,0.24679749377978893
200,0.24922058282209164
201,0.250983360696077
202,0.24736235466945386
203,0.2524543081126707
204,0.24483949695701512
205,0.25518235682293455
206,0.2517061467802331
207,0.24445534440398375
208,0.25327850194613905
209,0.24957378698804014
210,0.24222709523791575
211,0.24974826553571491
212,0.24859097850590223
213,0.2471852261728604
214,0.2475905284099722
215,0.24664855388132506
216,0.25340232967978
217,0.2382122770796029
218,0.25256287037737957
219,0.2484950089548392
220,0.25409932618223185
221,0.25187530356474197
222,0.24593297705976194
223,0.24911791667250882
224,0.2536828111605888
225,0.246475185388025
226,0.2450381924622374
227,0.24864907365855587
228,0.25077417958802206
229,0.24852939051049486
230,0.24839561025281187
231,0.25450953351571026
232,0.248449554882586
233,0.2537917202246695
234,0.25583696466638184
235,0.2482696889966454
236,0.24943991073308328
237,0.2581644330491857
238,0.2527002482471822
239,0.2477829203715952
240,0.2512971314179438
241,0.25035418426233813
242,0.24700543850231094
243,0.2521719607825168
244,0.2554974999233073
245,0.24974878468753328
246,0.25151198929689417
247,0.2524024470603173
248,0.24586323561208823
249,0.25396666202989127
250,0.24655262381762127
251,0.24521615961981097
252,0.2465684045511587
253,0.25711866664998234
254,0.2498247919443622
255,0.2524250559667026
256,0.2542016989467743
257,0.2535849559934091
258,0.24697098264156914
259,0.2511291359545544
260,0.2513889956197986
261,0.2489715663679417
262,0.24456269341900128
263,0.24886410809971582
264,0.24563400622282777
265,0.25011651605833873
266,0.25130786468169997
267,0.2533368289817361
268,0.25308268576053644
269,0.24335453936288806
270,0.2522801820737718
271,0.24022893701674555
272,0.2539643637357667
273,0.2483164313599115
274,0.2422509060346571
275,0.24555162433348873
276,0.254041940758868
277,0.24955719390343378
278,0.2461542884253488
279,0.2511157865429267
280,0.256326812445863
281,0.24638736983967388
282,0.24624486803761397
283,0.25051083471484425
284,0.2439628119553573
285,0.25862791161953
286,0.24720783319593528
287,0.2516686515518777
288,0.2445654422230782
289,0.24633263595544586
290,0.25033379711603887
291,0.24335560106952192
292,0.2525894631405099
293,0.2508754355109867
294,0.2514436671220101
295,0.24793565552093272
296,0.25050703371246086
297,0.25776871355379705
298,0.2485879019289115
299,0.24907760911098498
300,0.2404707891961839
301,0.25100096327545524
302,0.25682986235966443
303,0.2505706966337891
304,0.2555682635902556
305,0.2425230598926403
306,0.24601028050670024
307,0.2503765535303677
308,0.2561361808279838
309,0.25182086325134423
310,0.2494057046577598
311,0.2520227858501319
312,0.2439206010610317
313,0.24700886215275308
314,0.24706066082309003
315,0.25160056395796937
316,0.24685504780799225
317,0.25046889827660124
318,0.24339766455614475
319,0.24296802234400275
320,0.253197080079848
321,0.247636723799778
322,0.24923839085103072
323,0.24847305134813788
324,0.24660199841312097
325,0.2525068285657625
326,0.2489300473425367
327,0.2557996543845803
328,0.2477945063536991
329,0.2441622493649584
330,0.25369745397600385
331,0.2533227825884133
332,0.2554400167266625
333,0.2568761855571774
334,0.2516178979302749
335,0.25050811996916683
336,0.24976799222249052
337,0.24596504614333325
338,0.2514853483297071
339,0.2508736576294236
340,0.24937897587856458
341,0.25258040701292406
342,0.2542339063728631
343,0.2514640271407971
344,0.2468888283371209
345,0.24629760629318959
346,0.2513522292256774
347,0.2517674787303727
348,0.2516713905804717
349,0.24534720052635
350,0.24837571533277655
351,0.25418038350937405
352,0.25468435635051445
353,0.2540889360164243
354,0.2473640343830643
355,0.25281657857635964
356,0.2418313091928534
357,0.25167239874237873
358,0.2476787663956462
359,0.2481950196231455
360,0.250000159911422
361,0.25000111236484746
362,0.25519248022287416
363,0.24983415874382012
364,0.25172562689776573
365,0.24830151786832344
366,0.25950797012886834
367,0.24290284927518857
368,0.24991210636396205
369,0.24798745104029205
370,0.2572517274028927
371,0.2472366654820207
372,0.24790385138511664
373,0.24460029532312494
374,0.2493188578491541
375,0.24364665494156793
376,0.24819744210776562
377,0.2514630202465573
378,0.24927585404105718
379,0.24636333466441385
380,0.24226751640609512
381,0.246521537531163
382,0.25262350419874896
383,0.24476594524961814
384,0.24822278394274755
385,0.25474604672363743
386,0.2532085611067961
387,0.24994269569912947
388,0.2527368528305911
389,0.2492233515556381
390,0.2524218462967289
391,0.24321415215989814
392,0.24824134597163616
393,0.24972192065160054
394,0.24462532022638528
395,0.24688807415138148
396,0.2447615425265781
397,0.24834321755203287
398,0.24266071764748529
399,0.2458524802130021
400,0.24825457017608868
401,0.24985459939274046
402,0.25581980725628584
403,0.24942531182367228
404,0.24940638555509279
405,0.2518293495108125
406,0.2531021499794967
407,0.24401327900221476
408,0.2482556165576877
409,0.25673704197986896
410,0.24671766584209473
411,0.24973109171870683
412,0.24673513052209756
413,0.25306793217325824
414,0.25394208006696084
415,0.2442575811653652
416,0.2518357547933922
417,0.24661438591839024
418,0.2419013078097781
419,0.24282721046781358
420,0.2537682265454396
421,0.2481014164766413
422,0.255235796035708
423,0.24256796257278834
424,0.24942315741469306
425,0.24404520072018906
426,0.2525878508010983
427,0.25141442588243196
428,0.24733223282468836
429,0.2581412433452008
430,0.2556777370450237
431,0.24609216928985572
432,0.24191250118010368
433,0.24700635077424746
434,0.2446529046470102
435,0.25192076784925543
436,0.2517911176345369
437,0.24676891438799378
438,0.2445650345372526
439,0.24868035813421374
440,0.2500137229809682
441,0.24920807124691902
442,0.2492634354979707
443,0.2536903604122586
444,0.24749186138677468
445,0.255299406269137
446,0.2551280901717563
447,0.2536397564273109
448,0.25530923356291196
449,0.24242702303257607
450,0.24781330217193354
451,0.2587382935565217
452,0.25064810724174347
453,0.2559507929626831
454,0.2531080179989013
455,0.2515550869910589
456,0.25393488778481743
457,0.24893650499683043
458,0.2517609771279691
459,0.2540342193636335
460,0.2552765697778609
461,0.2512406905720009
462,0.24549284936537946
463,0.2556043114408893
464,0.25079490989746767
465,0.2525260072687629
466,0.2480044592014806
467,0.25069733891338297
468,0.26028104326625057
469,0.2528444541109669
470,0.2500066286578956
471,0.24910664212160435
472,0.250714953536423
473,0.24896219073119413
474,0.24728758676334567
475,0.25716140937852333
476,0.25276761261180275
477,0.24614523280610276
478,0.2540907783000744
479,0.24856632520307342
480,0.251912630188258
481,0.2524442489359524
482,0.253960488307705
483,0.2556983844694457
484,0.24997376539288574
485,0.2555095991430219
486,0.25043864422857565
487,0.24970512462967578
488,0.24417764309454304
489,0.24914698714349293
490,0.25002423874169855
491,0.2561290425989071
492,0.24928021985417811
493,0.247336046444271
494,0.24928383148155955
495,0.24398640612899236
496,0.2408950053189363
497,0.25658052986988034
498,0.2489428409434144
499,0.24564560092162913
500,0.24628193053789976
501,0.2521416356357772
502,0.2514455984622436
503,0.2487343900024586
504,0.2542064077372517
505,0.24799826000719694
506,0.2526806857466012
507,0.24645160199038452
508,0.24488187868513248
509,0.24525777699203438
510,0.2536132178378394
511,0.25210056505122425
512,0.24394432795606988
513,0.24479328062106023
514,0.247764904807827
515,0.2488610390271498
516,0.24756530724292847
517,0.25510485417011713
518,0.25507512753766204
519,0.24630006002450872
520,0.24135458908911908
521,0.24959179700918038
522,0.24932296258271905
523,0.24487277575155247
524,0.25579190767994625
525,0.25177443029228297
526,0.24676203480471698
527,0.243884142002015
528,0.24692079946162143
529,0.2534211826368611
530,0.24517930340977895
531,0.2465486374809364
532,0.2403595244481444
533,0.2455895684556415
534,0.24845297335505595
535,0.2567585495133954
536,0.2468440527053527
537,0.2457864934048597
538,0.2532381150873467
539,0.24459187567852808
540,0.2504114606834812
541,0.24864683422389044
542,0.25731868274189873
543,0.2511067659923951
544,0.2477139432798154
545,0.25323181287661223
546,0.24984811108837712
547,0.24572306369933972
548,0.24817923813028067
549,0.25051240908555134
550,0.2503602680318535
551,0.24765479605925067
552,0.25459512173825544
553,0.24632113840099337
554,0.24334946842491206
555,0.24915697655436214
556,0.2506405225988093
557,0.24650311163893146
558,0.2528885517032865
559,0.25283888231139506
560,0.24975370265208674
561,0.2518597109939337
562,0.25097519382517824
563,0.25319317425270427
564,0.2506244539576617
565,0.2521656339011181
566,0.2473143035542736
567,0.24996883120721008
568,0.25498516351763134
569,0.24465677976868982
570,0.25251090319970343
571,0.25932437898579885
572,0.2504336000955619
573,0.2556745701339791
574,0.24793638529336015
575,0.247699350607162
576,0.24708847921885066
577,0.24292105048944349
578,0.25369293952961874
579,0.25452875694923977
580,0.2477456647815955
581,0.2500107363566483
582,0.24782873147857246
583,0.2518012841159555
584,0.24815155978148218
585,0.24724592472579082
586,0.2535357493086191
587,0.24697552180072427
588,0.2466323731521767
589,0.24770614182798503
590,0.2570399365695138
591,0.24802253696147541
592,0.25418295057326923
593,0.25426563613839537
594,0.24306415465089526
595,0.2458461678973108
596,0.24723759307899207
597,0.2481904938826228
598,0.2475338016049273
599,0.24611307558797335
600,0.24679707592380884
601,0.25528118279896006
602,0.24920136638464713
603,0.2544781195348246
604,0.2517974665860678
605,0.24475398627882333
606,0.24064420753278762
607,0.24449297873418405
608,0.24132196122961008
609,0.24581113901747387
610,0.25388585393772184
611,0.24730575383091147
612,0.26193799414037944
613,0.2508985837006177
614,0.25405362686379734
615,0.2490242159385136
616,0.24745625555444556
617,0.2597161645162165
618,0.2495033094659837
619,0.2506049594048171
620,0.24751838447234553
621,0.2522127276912827
622,0.24556845701434504
623,0.24886788324225415
624,0.25235930806068047
625,0.24849557812882708
626,0.244524943598835
627,0.25158868212068836
628,0.2459005655723717
629,0.24624520583699824
630,0.24734714007951886
631,0.24753584270670898
632,0.2464402086548523
633,0.24569090132633004
634,0.24775181068213983
635,0.24407112768312564
636,0.24217219058509365
637,0.25630370304946154
638,0.24823841397392044
639,0.25178449073666853
640,0.24743322052832795
641,0.2518123065318971
642,0.2427978275068447
643,0.24878996229667913
644,0.2541091898123884
645,0.24593940631887629
646,0.24919520477132032
647,0.25580243126128666
648,0.2506969372133274
649,0.25093939451538766
650,0.2480071921721829
651,0.25266904532368295
652,0.2524821803105105
653,0.25492176687692314
654,0.24421867513685402
655,0.2511846061220469
656,0.23943192288326443
657,0.2463677606698588
658,0.2472792054590331
659,0.24333339934062234
660,0.2522879878236548
661,0.24772982884791633
662,0.25916255270535865
663,0.25454020990355847
664,0.24929067682064704
665,0.2522569520094322
666,0.24781144462844634
667,0.24540673959936565
668,0.2456577102232087
669,0.25072094316888294
670,0.24394714370449228
671,0.24150165666950654
672,0.24749343633101928
673,0.2528045118479193
674,0.2523928426264062
675,0.25226253730900206
676,0.2563791487671227
677,0.24508462227032096
678,0.24555312805842716
679,0.24931527864784925
680,0.2473824038305789
681,0.2537011846390006
682,0.25068456756842733
683,0.24459258722593064
684,0.24752615658387922
685,0.2491875317659324
686,0.2545416400175405
687,0.24715109642961763
688,0.2436513020441584
689,0.2466909949610735
690,0.2508849000837255
691,0.2488808437435267
692,0.24579258007436516
693,0.24877889104774875
694,0.2539928440214161
695,0.250522610700882
696,0.24087241431502587
697,0.24780462275755366
698,0.2516325734879518
699,0.24902008957795857
700,0.2534670015223426
701,0.245222010496068
702,0.25301624142326473
703,0.2512635687795886
704,0.24969649687671236
705,0.24599697240054458
706,0.24619637108211379
707,0.25326586459025374
708,0.24796117903089868
709,0.2538173042754473
710,0.2570174096030347
711,0.24816754073121378
712,0.2494990637472634
713,0.25106544585031937
714,0.24660067254115123
715,0.25083817858812213
716,0.251845034927917
717,0.2606374035574458
718,0.2540027984287686
719,0.24988365281807726
720,0.2509921467862251
721,0.2509696884385201
722,0.2493811193580619
723,0.25100151731019815
724,0.24966835830075224
725,0.24666606586929718
726,0.25155531963332967
727,0.24586302423215178
728,0.2522373974662213
729,0.24665144455047683
730,0.24804730342781758
731,0.2459179663453386
732,0.2596307472480553
733,0.24636046373894172
734,0.2435395764954199
735,0.25547401254603264
736,0.24748929165714978
737,0.2515365764377968
738,0.24955002451594768
739,0.249823517524927
740,0.2453114491044308
741,0.2569309326973399
742,0.25152932605552164
743,0.2544929688683891
744,0.2507948589953786
745,0.245251246235124
746,0.2481356181333199
747,0.24567473106679422
748,0.25175422279397325
749,0.25823912009726485
750,0.24592634525800092
751,0.24973329821895582
752,0.25249888921455677
753,0.2529472382858501
754,0.24938552007719927
755,0.25643061393612804
756,0.24566840790991068
757,0.2549127627102117
758,0.25212923722411795
759,0.2486057281828754
760,0.25388325804186984
761,0.24729964983246858
762,0.24599218539467602
763,0.24673708815895357
764,0.2520186781513792
765,0.25324939090591836
766,0.25293178348402184
767,0.252005600618394
768,0.2481436286386341
769,0.24590397704875666
770,0.248781930965808
771,0.24096023370848427
772,0.25009809840676733
773,0.2486746734221161
774,0.24654154815004609
775,0.24935730340644024
776,0.2525635686036499
777,0.24828970775868844
778,0.25110722388618
779,0.24906070705202718
780,0.2547640542094433
781,0.25483089796878844
782,0.24818844811120871
783,0.2541239514776289
784,0.2468778956164979
785,0.25717968489786436
786,0.25481069047047866
787,0.24975732865938574
788,0.2519528857658154
789,0.25082263730715054
790,0.24729261524877463
791,0.24953648448474286
792,0.2541483423126424
793,0.2457917694860145
794,0.2469335147819103
795,0.24662581174519674
796,0.2540547278720006
797,0.2520710411472058
798,0.24751301724241503
799,0.251707421264866
800,0.24965821515713305
801,0.24639818964777105
802,0.25312372184991244
803,0.2506688216526168
804,0.25728418700605005
805,0.2496547098177722
806,0.24579244615049253
807,0.2511760969679213
808,0.24611355267499238
809,0.2469335841831037
810,0.25053932692356323
811,0.2469475280550268
812,0.2466318813136604
813,0.25263696652290246
814,0.25146576463198944
815,0.24812466592000484
816,0.25546562678096946
817,0.24721161899387606
818,0.2506684355285836
819,0.24754122450234692
820,0.2404459516963254
821,0.24961398656402284
822,0.2506735286249814
823,0.24988381538811688
824,0.24794829250523825
825,0.24877243075081723
826,0.25158897380820816
827,0.2462442391242474
828,0.24803750710666223
829,0.24676855615080018
830,0.24555926753642404
831,0.2512423582973441
832,0.24778181758738493
833,0.2542224254111126
834,0.2551036928489977
835,0.24727448506803604
836,0.24593787969928055
837,0.2523898770786308
838,0.24931111171805764
839,0.24548072801033488
840,0.251465901342184
841,0.24756400884695873
842,0.24740042790908678
843,0.2494253973576983
844,0.24766964238552167
845,0.2549701887680098
846,0.24795092340460703
847,0.25521388353748026
848,0.24622778115269447
849,0.25148983204753617
850,0.25080049658529685
851,0.24852252164781818
852,0.24779544336149759
853,0.24991526363628383
854,0.24834822592220246
855,0.24308869206908648
856,0.24644508510505192
857,0.24385227313463792
858,0.25213960909970295
859,0.24341380982883104
860,0.2452705438531475
861,0.2493850962839196
862,0.23806169198579744
863,0.25313796845942943
864,0.24342397586710754
865,0.2536104649797734
866,0.24901587117254045
867,0.2518521897496957
868,0.24638818875697435
869,0.24346420539903016
870,0.25019484745296927
871,0.25166799627032627
872,0.25027934538791136
873,0.24906844561350117
874,0.25099628955369224
875,0.25149788312208693
876,0.24667821208079588
877,0.2510675371179547
878,0.24577279767910803
879,0.24894948033788988
880,0.24943797881931226
881,0.247036930656482
882,0.24554185223985547
883,0.2508685793728127
884,0.25246831635149913
885,0.2448560496812667
886,0.24572943890538734
887,0.25929860562521684
888,0.24539223839803784
889,0.25547173565100245
890,0.24987832274905342
891,0.25408169044054163
892,0.24783547071542916
893,0.24803667569275467
894,0.2430965902354123
895,0.24950130299613898
896,0.25429866139990726
897,0.24825535552023753
898,0.24851756695913552
899,0.24761251527848377
900,0.2473185975976428
901,0.24982408109108933
902,0.2522293355504782
903,0.25240612415549524
904,0.2491808211521508
905,0.2489296573733962
906,0.25842618268399364
907,0.25770332652760636
908,0.24980686651905476
909,0.25450384493541334
910,0.24439515660872418
911,0.2512253233963909
912,0.2524999939472752
913,0.24908273985353735
914,0.24981383506141475
915,0.2500719439795322
916,0.24951479799735665
917,0.2489278879644671
918,0.2506013870138073
919,0.24499310180515
920,0.2484898884897448
921,0.25584269506049057
922,0.25920611069188265
923,0.253964784169187
924,0.2555975805329825
925,0.24558235295629088
926,0.25419887746993414
927,0.2410745326461652
928,0.2538341808623077
929,0.24735941636978287
930,0.2475100765931995
931,0.2514721709964465
932,0.25440510451014114
933,0.2524337307766477
934,0.24501524241970027
935,0.245883971099506
936,0.24501278566779888
937,0.2500626494581658
938,0.2480733320743401
939,0.24390288892206305
940,0.25169059351099426
941,0.24841030203161102
942,0.25045946416814213
943,0.24779297715666326
944,0.25517869429346407
945,0.24413237787914877
946,0.24288867906295
947,0.2489539371139966
948,0.24627936453279
949,0.24973858622318024
950,0.24973060063951785
951,0.24707289212547268
952,0.24345876013949835
953,0.246164946051154
954,0.24431530584157038
955,0.24423360579468156
956,0.2487464801990937
957,0.25056954230875467
958,0.25098268845024385
959,0.24771965530521514
960,0.2537908289640798
961,0.2558651347884989
962,0.24540086115881896
963,0.2524337314707774
964,0.25120472650247816
965,0.25069818066014304
966,0.24695194270113643
967,0.2463754840920879
968,0.24671261804976355
969,0.2530148494868691
970,0.24538298336403078
971,0.24870734537341907
972,0.2497458718599597
973,0.25078169825481994
974,0.24818844426610137
975,0.2538486706489057
976,0.2538671647952556
977,0.24919411708424924
978,0.25221088655470764
979,0.24973382980218362
980,0.24602813855780875
981,0.2496367522889381
982,0.25668339453813677
983,0.25204776187829775
984,0.25241181001466784
985,0.24880199287452773
986,0.2506988802192782
987,0.2481296102527431
988,0.24031048132698177
989,0.2497801213329474
990,0.2499727070230194
991,0.25393164012304736
992,0.2536404135338991
993,0.25380839866443605
994,0.24330053361876458
995,0.25185058049606407
996,0.24799006776170102
997,0.25201419739873787
998,0.25214745818205253
999,0.24702974743952388
1000,0.24793941588888183
1001,0.255205023142246
1002,0.25199366024420383
1003,0.24320304639269893
1004,0.24899610978863013
1005,0.25075094307804313
1006,0.24798252051393382
1007,0.23993813976350495
1008,0.25500951744272565
1009,0.2525069026850587
1010,0.25380270971948343
1011,0.24351618631788868
1012,0.2561146055977086
1013,0.2459136667593415
1014,0.25344212787189235
1015,0.2504324335312726
1016,0.2502140352442469
1017,0.2519592659409535
1018,0.25458329945456326
1019,0.25041389699757327
1020,0.2548456990561905
1021,0.24688955295466805
1022,0.25507202912479937
1023,0.2512340059617484
1024,0.24212745759166232
1025,0.2545105531575447
1026,0.24744751785414407
1027,0.2504932345271163
1028,0.2515230072520852
1029,0.25240316932831985
1030,0.2429898097556475
1031,0.24856925959243942
1032,0.2504989330686859
1033,0.26067187204519016
1034,0.2553457498490649
1035,0.24505801176741365
1036,0.25757521931630367
1037,0.2555574736959926
1038,0.25252160164573273
1039,0.25040532362022644
1040,0.2494470469351654
1041,0.24429935239093073
1042,0.25296480283132605
1043,0.24497538575587635
1044,0.25130395437071373
1045,0.24952514386941246
1046,0.2523259199575403
1047,0.2554539753731748
1048,0.24953981917610185
1049,0.24754777942158174
1050,0.2512368462371509
1051,0.24994723492348228
1052,0.24361686220258116
1053,0.24534738592584918
1054,0.25368048479383476
1055,0.2509502936207533
1056,0.2528799331522684
1057,0.2540822355727972
1058,0.2534374253833702
1059,0.25970233298328177
1060,0.2489808315490114
1061,0.24621083588186227
1062,0.24774276155063896
1063,0.2415939898152204
1064,0.2527734624061824
1065,0.2519140876576478
1066,0.2462269973041084
1067,0.24270240366157472
1068,0.2540438051126503
1069,0.25155377276171453
1070,0.2543950089318435
1071,0.2533975865799155
1072,0.24905886276447442
1073,0.24410982157237301
1074,0.24438708839102585
1075,0.25147296632495997
1076,0.24001161735160567
1077,0.25343307855460157
1078,0.24720114101606033
1079,0.24980523443596353
1080,0.24445045645076474
1081,0.25633221506705783
1082,0.2418435410035758
1083,0.24784401671427617
1084,0.2484510884982667
1085,0.24325786859727494
1086,0.2521743374778224
1087,0.24886304473766713
1088,0.25286500640474585
1089,0.24961198273681595
1090,0.24587259359734842
1091,0.24887035713730313
1092,0.24660753129887103
1093,0.245115058123726
1094,0.248654218901618
1095,0.24965504831128615
1096,0.24693266231455013
1097,0.2525545333437268
1098,0.24547977940201676
1099,0.24794524202927687
1100,0.2492227803777476
1101,0.24908356558113293
1102,0.24924467198522068
1103,0.25289473878871066
1104,0.2479115764396686
1105,0.2432407904844474
1106,0.24964639678374592
1107,0.2502182034417057
1108,0.24466338632624912
1109,0.2544358348858584
1110,0.24711924396915264
1111,0.25036942320038746
1112,0.24972078867077777
1113,0.24434083326184136
1114,0.2544722485433082
1115,0.256503520388444
1116,0.2472119398128107
1117,0.24944829555995324
1118,0.24617107535899635
1119,0.2509831852809425
1120,0.2539306293837002
1121,0.2566179280288877
1122,0.2426219551394638
1123,0.24428674619345486
1124,0.25290263428930676
1125,0.24929412651672406
1126,0.24536611379634726
1127,0.24857828474740573
1128,0.24463993687557323
1129,0.24981148952451854
1130,0.24663461189271244
1131,0.249516326620855
1132,0.2478580320143872
1133,0.2504293772063012
1134,0.24337539545304632
1135,0.2460501421396145
1136,0.24285097756743268
1137,0.24718746945263312
1138,0.25097223154897264
1139,0.24601071626515525
1140,0.24948458985923774
1141,0.25810729900145724
1142,0.2501254897376785
1143,0.23894469433743468
1144,0.25194014419100985
1145,0.24958567476262072
1146,0.2492187054697272
1147,0.25156758784563144
1148,0.25172537336474027
1149,0.2524136394855256
1150,0.254205846198084
1151,0.25306530095133956
1152,0.24697423987686434
1153,0.24671198138098463
1154,0.2509494148988764
1155,0.24986131812659013
1156,0.2495587166779222
1157,0.25192729488165067
1158,0.24718720841518294
1159,0.2558844440070421
1160,0.25805342988904195
1161,0.2502717445954173
1162,0.2427277995496233
1163,0.2420063119266346
1164,0.24815026934288253
1165,0.25209098224430326
1166,0.24805632985045112
1167,0.24876508095601424
1168,0.25757490800569643
1169,0.25073175213578786
1170,0.24787297224573984
1171,0.24703302568616592
1172,0.2445084702370496
1173,0.25675673859011244
1174,0.24865303084073398
1175,0.24659346894177828
1176,0.24924006306021645
1177,0.24283757143700857
1178,0.2509266484798315
1179,0.2566803062954286
1180,0.2596349185964917
1181,0.24949250049907878
1182,0.2469343540164279
1183,0.249369391696673
1184,0.24427251497417038
1185,0.24932329596345854
1186,0.24806762522691256
1187,0.24971664330277848
1188,0.24441634753307895
1189,0.25199294427815644
1190,0.2503571849019199
1191,0.2441485123106428
1192,0.24455242833977672
1193,0.24947620079951285
1194,0.25699329821628614
1195,0.24657596219697606
1196,0.2457438536275718
1197,0.244735492989301
1198,0.24890181035456055
1199,0.24962421807009577
1200,0.24445799612890945
1201,0.24540380463646216
1202,0.26067322960700107
1203,0.2490604117051899
1204,0.250432416388125
1205,0.24476696804243028
1206,0.25012208709858313
1207,0.25344403044536673
1208,0.24838520514971715
1209,0.24860786915013028
1210,0.2537156266092895
1211,0.25314361235130295
1212,0.24674437179183042
1213,0.2492171187460971
1214,0.24561721083963817
1215,0.24435396799887085
1216,0.2503338319989635
1217,0.25185293990453794
1218,0.25467745000438113
1219,0.2503033295306869
1220,0.24652493002319573
1221,0.2500345320141447
1222,0.24862205135063614
1223,0.2553840420382567
1224,0.2488093463938459
1225,0.25095589493948756
1226,0.24206634783034892
1227,0.24981617176102125
1228,0.25010771356127853
1229,0.25020712114270127
1230,0.2515142287967573
1231,0.24338868140078013
1232,0.25374084984543355
1233,0.2489042030136361
1234,0.24747923493727936
1235,0.25191862506388785
1236,0.25281136519977127
1237,0.24811134115594952
1238,0.24730393743019838
1239,0.2491314394953684
1240,0.24546399551750164
1241,0.2471752870905427
1242,0.2440364635282274
1243,0.24840533201789355
1244,0.24425353667951877
1245,0.24908088666349731
1246,0.2442074422139715
1247,0.25605534654649537
1248,0.258237179854544
1249,0.24873325650298103
1250,0.2482692551215008
1251,0.251974500460358
1252,0.24372263691208926
1253,0.24996304796250415
1254,0.25367169600565437
1255,0.25073739218255403
1256,0.2519169599159848
1257,0.24583893758126524
1258,0.24992356065114563
1259,0.24894951906592175
1260,0.25854869411918996
1261,0.24187293489402661
1262,0.24249566920046436
1263,0.2468084061831948
1264,0.252012554021509
1265,0.24744413677684113
1266,0.24408829153886105
1267,0.2514711360947749
1268,0.24532509929185553
1269,0.24954654492912842
1270,0.25339276342345524
1271,0.2512139636109184
1272,0.24658651114311037
1273,0.24722523132626434
1274,0.24706307997094265
1275,0.24612292831173993
1276,0.2480206999209952
1277,0.24644315376481843
1278,0.2539437242035171
1279,0.24548600926946193
1280,0.2514019262955266
1281,0.246520433557772
1282,0.24918571736912193
1283,0.25595998395925884
1284,0.25049034385796454
1285,0.2495845610068228
1286,0.24813035295855507
1287,0.2512261797740561
1288,0.24963290305019545
1289,0.2417993906910544
1290,0.24758163298812932
1291,0.24951494931536441
1292,0.24938152264833457
1293,0.2547529548878835
1294,0.25456913497074246
1295,0.25188632794248045
1296,0.25434708499543857
1297,0.2489828193570538
1298,0.25316459221827126
1299,0.24624847581988812
1300,0.25452087228983594
1301,0.2510151659137704
1302,0.25387925126737565
1303,0.24878854934893666
1304,0.2449087619564051
1305,0.25200151632263834
1306,0.2473814915586424
1307,0.24864580001634856
1308,0.2483256978086484
1309,0.2483998087939582
1310,0.2508167094179719
1311,0.25039963007083915
1312,0.24960572026442834
1313,0.24611270568506238
1314,0.25067344465808056
1315,0.2487149955493474
1316,0.25063724889140426
1317,0.24844171652083652
1318,0.25548947119296816
1319,0.24546276758151075
1320,0.2427864684806995
1321,0.2443658739984763
1322,0.252988831495749
1323,0.25381978815486095
1324,0.24328045184577302
1325,0.25597235751446396
1326,0.25202606598008437
1327,0.24873754410071083
1328,0.2453746190401678
1329,0.2511944276874041
1330,0.2564692277035819
1331,0.24860193172953227
1332,0.2497127693281739
1333,0.2464283728642381
1334,0.2525134361400014
1335,0.2514077349702242
1336,0.24890612344747964
1337,0.24983952648209043
1338,0.2523201274877971
1339,0.2477192645346415
1340,0.24992933499336425
1341,0.2474858534410002
1342,0.25486882120018656
1343,0.2517112413721938
1344,0.2480703118999605
1345,0.25656819713489937
1346,0.24731674686445068
1347,0.25271760081609235
1348,0.2502071424050356
1349,0.25141867910557697
1350,0.24747825271370383
1351,0.24995500206592558
1352,0.25338799362593195
1353,0.2577852339725642
1354,0.2487116679746656
1355,0.250526744380072
1356,0.258649605611341
1357,0.2513213085950387
1358,0.2570188828406015
1359,0.2494423782055848
1360,0.252436718160295
1361,0.24931763805632318
1362,0.24849580686079284
1363,0.2565815512161594
1364,0.25989550071552847
1365,0.24978974399188333
1366,0.24030295149644168
1367,0.24663171623137836
1368,0.24508119105025641
1369,0.24807229087071322
1370,0.25169023893311815
1371,0.2475494096865602
1372,0.25183743873985764
1373,0.2517976127491953
1374,0.24910182911220666
1375,0.24808968570638054
1376,0.2521079599412121
1377,0.24391762718430643
1378,0.24807304096035782
1379,0.25269818701397323
1380,0.24805699049576463
1381,0.24181967488610057
1382,0.2516108412112511
1383,0.24355814943069853
1384,0.24795273099112244
1385,0.25533215367260115
1386,0.2471094279043176
1387,0.25279009164138055
1388,0.2474078113191472
1389,0.249212384525628
1390,0.2444945269155721
1391,0.2582169845954891
1392,0.2578638071693052
1393,0.2514811489738389
1394,0.2504388513756571
1395,0.2528170231721043
1396,0.24980096966769333
1397,0.24745099537186302
1398,0.24825757836220097
1399,0.2541022028592137
1400,0.2509934280159553
1401,0.2509249037836724
1402,0.24975510454975514
1403,0.2500615408803401
1404,0.24974030485061247
1405,0.24919442409680387
1406,0.2515365987589166
1407,0.24668685534458396
1408,0.25434052989041384
1409,0.25261794160804657
1410,0.2445777535820566
1411,0.25161381699437874
1412,0.2580430129834698
1413,0.252898540420026
1414,0.2524628919596301
1415,0.2518355347129262
1416,0.24502562374821818
1417,0.2510354841187456
1418,0.24963182045280696
1419,0.24641050339839976
1420,0.25469957030171425
1421,0.24738034317090746
1422,0.2484852381709789
1423,0.2533320058252758
1424,0.2508592850603282
1425,0.2495430362299081
1426,0.2480268118768082
1427,0.2540016134536645
1428,0.253114821967319
1429,0.2525194612520154
1430,0.2483730666936308
1431,0.2513280524363301
1432,0.2518923975109441
1433,0.2461741997522962
1434,0.24565643971407858
1435,0.24898004045335284
1436,0.24965436023207835
1437,0.24810008301195718
1438,0.2515529798479432
1439,0.25242723232522185
1440,0.24802848662132826
1441,0.24366240009805112
1442,0.24715622742952228
1443,0.2580555472023121
1444,0.24544676246945468
1445,0.24924698187986494
1446,0.24939858277039756
1447,0.2523776400247385
1448,0.2532844622613943
1449,0.24770705044060412
1450,0.24566710175852857
1451,0.252827303511166
1452,0.24894401885723585
1453,0.24791502682987532
1454,0.24941845688796782
1455,0.2536973992288075
1456,0.2523991339307507
1457,0.2543620536219706
1458,0.2411378957368137
1459,0.24863574392541016
1460,0.2521040361233038
1461,0.24631322585474993
1462,0.2553039868220538
1463,0.2508252706212615
1464,0.24984784153618725
1465,0.24947697063283703
1466,0.24650797149642906
1467,0.24304684780610197
1468,0.24461859228366617
1469,0.2523857521484409
1470,0.24740494354465264
1471,0.2466041253230082
1472,0.25297695810801
1473,0.24835092785508753
1474,0.24948402937885542
1475,0.2474880776158285
1476,0.24831272713722133
1477,0.25007759670869534
1478,0.25075930040582106
1479,0.24793105906944365
1480,0.25330813964260285
1481,0.24554269456015304
1482,0.2473790175983957
1483,0.25158570767042565
1484,0.24826381761738137
1485,0.24832803759403482
1486,0.24983698836382023
1487,0.24517099698409
1488,0.25261317788458293
1489,0.24173215235813414
1490,0.24627718672081372
1491,0.24918565756454555
1492,0.24609563797028505
1493,0.25594774420733424
1494,0.24988262990467297
1495,0.25608904974015245
1496,0.2469891083384652
1497,0.24760374193593038
1498,0.2469548557144999
1499,0.24745323744916628
1500,0.24437992694474195
1501,0.2389005655867057
1502,0.25535638382088544
1503,0.24511117947948902
1504,0.2583908361131077
1505,0.24836114221801292
1506,0.2525653238346192
1507,0.2520370833617379
1508,0.2487398623243049
1509,0.2446569801054762
1510,0.24826252421359396
1511,0.2471855775997589
1512,0.24684544578882336
1513,0.2527384454915208
1514,0.25543684654404814
1515,0.2541703171276889
1516,0.24702657725690946
1517,0.24165490865057457
1518,0.2508944078683387
1519,0.24189398027089717
1520,0.2490621480723991
1521,0.25457513458756714
1522,0.2579241657752646
1523,0.25506031547867236
1524,0.2596582097330749
1525,0.2508150863579601
1526,0.24909483458940948
1527,0.24667803109994152
1528,0.2456911356009237
1529,0.25886777353407797
1530,0.2479948966465791
1531,0.25402494401240927
1532,0.24470184127127045
1533,0.2569498168128304
1534,0.2539744671410391
1535,0.2447634866144063
1536,0.24980297519242076
1537,0.2421755708378715
1538,0.24862501438616913
1539,0.2500137375466756
1540,0.2539157678760785
1541,0.2542241604454569
1542,0.2539720550544691
1543,0.24973549759272445
1544,0.25058658662053496
1545,0.24569624218115166
1546,0.25045545481620785
1547,0.25534737992825346
1548,0.2482142766719324
1549,0.24871528774520701
1550,0.24941369592773419
1551,0.24777162480934384
1552,0.24986085082197806
1553,0.252033578344927
1554,0.24895111690482363
1555,0.2512597354163263
1556,0.2475974417942962
1557,0.24790825334882932
1558,0.2524835475762419
1559,0.24896067867730587
1560,0.2500514218990454
1561,0.251948461643681
1562,0.2504353291926067
1563,0.24440096067898706
1564,0.25464648729277517
1565,0.2548484239068247
1566,0.24905108862594616
1567,0.2554454685455018
1568,0.2548909840152644
1569,0.25057176830169575
1570,0.25026852576560404
1571,0.25067935110605905
1572,0.25698102434076436
1573,0.25552166214694716
1574,0.2518652074781045
1575,0.24341247258423726
1576,0.24483438351109763
1577,0.2516365121941175
1578,0.24932370277628857
1579,0.23939836409001655
1580,0.24385543632116735
1581,0.24237420465520695
1582,0.2486977365208632
1583,0.2536361374160968
1584,0.2555508728668511
1585,0.25205773027782014
1586,0.24665666803202202
1587,0.24268995062331133
1588,0.2447843305957051
1589,0.2512454856558317
1590,0.25039665656569365
1591,0.25714620659106574
1592,0.25066102922386596
1593,0.25264706670563486
1594,0.24633377626521852
1595,0.24909749192216082
1596,0.2517327549566879
1597,0.2449141423770724
1598,0.2499707711989434
1599,0.2542031143513647
1600,0.2487777538889538
1601,0.2532338407455514
1602,0.25198433601788506
1603,0.24939320191987685
1604,0.25099655613377037
1605,0.25150944045802387
1606,0.251215604596497
1607,0.24144943674122427
1608,0.2558682688205216
1609,0.2512782675544727
1610,0.2524164795035759
1611,0.25110466899634204
1612,0.2526249327940762
1613,0.25034080362710337
1614,0.24874764037313815
1615,0.2531894476206047
1616,0.24946765530900564
1617,0.24843183333279023
1618,0.25125797484468687
1619,0.24430050096445555
1620,0.2496541519379219
1621,0.23936507337240961
1622,0.24837883776427958
1623,0.2580610071481435
1624,0.25381596324114064
1625,0.25678117457570526
1626,0.24405109069605768
1627,0.2446910902908292
1628,0.252199440410684
1629,0.25286547143829985
1630,0.2475688185195889
1631,0.2431273230679775
1632,0.24959648554763836
1633,0.2551776278456354
1634,0.24275049293124934
1635,0.24249111684076924
1636,0.2516397510185979
1637,0.25281895823685296
1638,0.24519299432913816
1639,0.2513310656146247
1640,0.25247788003038374
1641,0.2522755791997353
1642,0.2547633540767706
1643,0.2479609490312657
1644,0.24876260975899755
1645,0.24225444202408758
1646,0.24861156713606286
1647,0.24614846146042868
1648,0.25051119295203783
1649,0.24989785924610528
1650,0.2489177334061181
1651,0.24832977377545418
1652,0.2593808883530156
1653,0.24789327436635283
1654,0.25342328064322905
1655,0.24755864679500045
1656,0.2545028913580048
1657,0.2539567242804384
1658,0.25494823185543813
1659,0.24741781259769152
1660,0.24564036471558118
1661,0.2496773717900012
1662,0.24715093815763065
1663,0.25002255870553813
1664,0.2573400313093085
1665,0.2514819278302426
1666,0.24965853466629478
1667,0.25830723089221247
1668,0.24527887902250367
1669,0.25378555715788564
1670,0.2516415939963777
1671,0.24869742842643128
1672,0.2470665143419849
1673,0.24480424525942002
1674,0.2456472767249346
1675,0.25148568171044655
1676,0.2482230673013175
1677,0.25188690210865067
1678,0.2484784784963129
1679,0.25029407198443737
1680,0.24477335781418533
1681,0.2559571427387391
1682,0.2544289183926625
1683,0.2479165496043637
1684,0.24681455284306653
1685,0.242717364783682
1686,0.2502316348584373
1687,0.25241225536974
1688,0.25015529327575176
1689,0.24678047754063812
1690,0.25401693414583026
1691,0.250602528777037
1692,0.24264911268102912
1693,0.2518559709432018
1694,0.25344977489684306
1695,0.24536733340338832
1696,0.25190213529519034
1697,0.2533329809875687
1698,0.24837075212935417
1699,0.24945848550956656
1700,0.25052313017525035
1701,0.2534079761721856
1702,0.2463649159106137
1703,0.25128918002307626
1704,0.24915001684929183
1705,0.2514470710287726
1706,0.2511334636131809
1707,0.24147839160165022
1708,0.25261020253823274
1709,0.24376564313492835
1710,0.24852916235206657
1711,0.253811098019881
1712,0.2479465843312507
1713,0.24830637533417077
1714,0.2519010387056319
1715,0.253281122577853
1716,0.25393280328537143
1717,0.24318972183752538
1718,0.25054634585967245
1719,0.25075902089235846
1720,0.24344858949678722
1721,0.2527118445852305
1722,0.24639666284238548
1723,0.2480150349525772
1724,0.25333019451424527
1725,0.249831078950654
1726,0.24090123385351658
1727,0.25404124062619526
1728,0.24948452229924903
1729,0.24286597684403435
1730,0.25400668048133546
1731,0.24630497407875715
1732,0.25712706137292735
1733,0.2448553526995716
1734,0.2552428687317906
1735,0.25466074185966225
1736,0.2530590749290017
1737,0.2461080122196198
1738,0.25004718968724715
1739,0.24849350522990077
1740,0.2550453036171739
1741,0.24760359968310786
1742,0.25075429424151185
1743,0.25079823059665673
1744,0.2447769216904554
1745,0.2569283980364295
1746,0.25422452056596095
1747,0.2547465154817066
1748,0.24846430771053685
1749,0.2480305502952173
1750,0.2506205833198246
1751,0.25361995889280886
1752,0.24916944289066584
1753,0.25045266385904186
1754,0.2479307840398235
1755,0.24512018988295806
1756,0.2478025478316328
1757,0.2489603147116945
1758,0.24867560619705967
1759,0.262246096169313
1760,0.2466346365633767
1761,0.2486125436312206
1762,0.25398856380751894
1763,0.25292641834628354
1764,0.24899138389711095
1765,0.25324558720550266
1766,0.2520684916142058
1767,0.24356966237538352
1768,0.246682767203721
1769,0.25160188670205347
1770,0.2484083382001032
1771,0.2536300835604156
1772,0.25014122341423417
1773,0.25262188737549485
1774,0.24373664570136322
1775,0.2569169841978902
1776,0.24814081100690127
1777,0.25830336372790297
1778,0.24905378374853618
1779,0.2452957001028403
1780,0.24841594076860427
1781,0.24959628924174923
1782,0.24959704708680608
1783,0.25123584325321613
1784,0.24425402076262273
1785,0.2531370777492853
1786,0.25181091383617404
1787,0.24707724969793332
1788,0.24335290431460904
1789,0.24551708892449095
1790,0.2499710946184101
1791,0.254404026904935
1792,0.24411698787407923
1793,0.2558032673448266
1794,0.24160437183786795
1795,0.24967298956996817
1796,0.25125038003159816
1797,0.2472189057777305
1798,0.2489983237933039
1799,0.24889661414421163
1800,0.24693397969487213
1801,0.25129826933606614
1802,0.24243677172321224
1803,0.24517772991899142
1804,0.2518302427983968
1805,0.2569478264273479
1806,0.24305756466294606
1807,0.2561178475731667
1808,0.2500920781663435
1809,0.24462946798603474
1810,0.2600518631398322
1811,0.24553689566786235
1812,0.2480341502568814
1813,0.24976321485534475
1814,0.24548864888552818
1815,0.24962423914664028
1816,0.252144593493338
1817,0.2522885976874714
1818,0.25928507392296185
1819,0.25504355767643966
1820,0.25223604740883515
1821,0.25498732473690555
1822,0.2560823860206546
1823,0.25310157801918687
1824,0.2528450237932946
1825,0.2518772430481354
1826,0.24859202419337162
1827,0.24980577956821914
1828,0.2486017733923476
1829,0.24258942341398873
1830,0.24614468841008258
1831,0.24818851100156508
1832,0.24574098728344243
1833,0.2456513025489787
1834,0.2496943014132487
1835,0.25818970826929605
1836,0.2561843712077068
1837,0.24938021081064046
1838,0.2506471900428223
1839,0.24738814462273784
1840,0.2520223685676893
1841,0.25381433557669425
1842,0.24985205685582546
1843,0.250324464625968
1844,0.24741718444365232
1845,0.24679157534354318
1846,0.25174357918342993
1847,0.25324105005025016
1848,0.24556014232490397
1849,0.242782382852079
1850,0.2570066705877688
1851,0.2490433248202704
1852,0.249848650492215
1853,0.24998834665080938
1854,0.2481749367030789
1855,0.24373629315048168
1856,0.24935948050119489
1857,0.24958821085389632
1858,0.2447823006576656
1859,0.2538457312673574
1860,0.2433001837105208
1861,0.2512270304233035
1862,0.252476990079567
1863,0.2489850491951022
1864,0.24712748743928759
1865,0.24679343603800802
1866,0.2513622725690211
1867,0.2434543747684877
1868,0.24584217325476804
1869,0.24975589949052102
1870,0.2454504203944905
1871,0.2441286079797803
1872,0.24658360791215378
1873,0.24553637209739917
1874,0.24839084229649325
1875,0.2466344897061195
1876,0.2493356556470859
1877,0.25335479389440274
1878,0.24818607602033782
1879,0.2504490153448332
1880,0.246688311318411
1881,0.24909797612585693
1882,0.25185254729275963
1883,0.25604606755904563
1884,0.24493535416908985
1885,0.24626757283396977
1886,0.24977633680267386
1887,0.25249194098941397
1888,0.2514678941193168
1889,0.24584449002490505
1890,0.2543505311689582
1891,0.24853795171378446
1892,0.2537621459269018
1893,0.2476437388255822
1894,0.2461623534920695
1895,0.2459124125919258
1896,0.2451366631795458
1897,0.24711696498193025
1898,0.24849388378431148
1899,0.25156955721976715
1900,0.2555172519194823
1901,0.25140437036503105
1902,0.2469791734890025
1903,0.25159108152486137
1904,0.25187800480349737
1905,0.24852143980975705
1906,0.24554162792653456
1907,0.25563143428532
1908,0.2513855045951576
1909,0.25031691737820083
1910,0.25202567911981577
1911,0.25209899086630705
1912,0.24852611686828752
1913,0.25333862236719973
1914,0.24532357897421508
1915,0.24769196510490937
1916,0.25328269119705044
1917,0.25401771376156135
1918,0.24936461559719442
1919,0.2453939092743587
1920,0.251231002171189
1921,0.2516417164824286
1922,0.24814033083410234
1923,0.249436705732742
1924,0.23904703782687817
1925,0.25170538191599934
1926,0.2511586148706914
1927,0.24570906613900567
1928,0.2527240936042982
1929,0.25231903147177615
1930,0.2503249614566666
1931,0.2490905146861953
1932,0.24797518857950002
1933,0.24252025001631983
1934,0.24741477431887923
1935,0.24891660766205292
1936,0.2500023372150585
1937,0.255641301574794
1938,0.2518069370961062
1939,0.25076968293680846
1940,0.2554954638137079
1941,0.25177864094228886
1942,0.24668128688177965
1943,0.24808618032491392
1944,0.2537508487323276
1945,0.2537796934919282
1946,0.24533500795199925
1947,0.24848027775387846
1948,0.25555285326796895
1949,0.2490300847403375
1950,0.2491347741313329
1951,0.2474657928651453
1952,0.24701689215075934
1953,0.25829272269479975
1954,0.25147346957820604
1955,0.25188940389053927
1956,0.2557948463673649
1957,0.24354166875027822
1958,0.2514614814529045
1959,0.2525843158704532
1960,0.2608462928573888
1961,0.24625636565726414
1962,0.2500729311300924
1963,0.24612164763245525
1964,0.2573024740053186
1965,0.24461193625438293
1966,0.24468423802085448
1967,0.2521942844470218
1968,0.24810822870881116
1969,0.24895430791299497
1970,0.2461654339793653
1971,0.24450624631320883
1972,0.24334240917055386
1973,0.2537644960682327
1974,0.2480490466053219
1975,0.2553344199122288
1976,0.24748929223068725
1977,0.24654487142667525
1978,0.242452723840987
1979,0.24607027457351072
1980,0.2497607123141288
1981,0.2488367758792514
1982,0.24879276094405972
1983,0.2475092716911609
1984,0.2536006484065985
1985,0.25382175898245374
1986,0.24794187945107832
1987,0.24757215693546303
1988,0.25429771978767407
1989,0.2534413369620237
1990,0.2501776154867996
1991,0.25440346295102506
1992,0.24879248382224733
1993,0.24644843104844275
1994,0.2550843183484479
1995,0.24861344315556247
1996,0.2463451463835435
1997,0.25284894558420834
1998,0.2491792886183474
1999,0.25003159686545134
2000,0.24907278595452467
2001,0.24315937997749165
2002,0.24886742790281743
2003,0.2395024692329768
2004,0.25744654090401853
2005,0.2514556991533158
2006,0.25511209962540765
2007,0.2511942562800748
2008,0.24640337104142493
2009,0.2555623706491992
2010,0.25178676763169866
2011,0.24264959600480568
2012,0.2508122757223123
2013,0.2542534753611892
2014,0.2513014247019856
2015,0.24334400240502102
2016,0.2494466722910597
2017,0.2559091480913678
2018,0.2431907929549864
2019,0.2467710457586316
2020,0.24835199140292608
2021,0.2552379611000896
2022,0.2562021687601093
2023,0.2495023519551782
2024,0.24773763913703636
2025,0.24680431634481126
2026,0.24963362083435559
2027,0.24906875628537323
2028,0.2482721793638042
2029,0.25078800872930657
2030,0.2456606860063363
2031,0.2457605034863691
2032,0.25123239746744414
2033,0.25385000795869717
2034,0.25020199413158806
2035,0.24434437776601153
2036,0.25069209764995504
2037,0.24370702952458603
2038,0.2494608653558498
2039,0.24787878515329237
2040,0.24961002963283233
2041,0.24718523834691758
2042,0.2506761042036163
2043,0.25097440479862
2044,0.2524935947225872
2045,0.25253769362467976
2046,0.24567979740033552
2047,0.2460457158277875
2048,0.25288785345392417
2049,0.25073085960753094
2050,0.24638067816813874
2051,0.24342856265678187
2052,0.25201898875805356
2053,0.24890306560385356
2054,0.24760096694253442
2055,0.24743969500321927
2056,0.2500333865915976
2057,0.25491660939460614
2058,0.24572527455303586
2059,0.2510676941222745
2060,0.25024802552098907
2061,0.2500150845182818
2062,0.24845693129656138
2063,0.24629784360509274
2064,0.24783706022538118
2065,0.2535999215341612
2066,0.24627764424994295
2067,0.253968029230425
2068,0.2534701246479753
2069,0.2456073313109093
2070,0.25258426018506364
2071,0.2492963983774661
2072,0.2510422683855894
2073,0.24415962046949224
2074,0.2543189736675828
2075,0.2504746701065774
2076,0.25135227943363675
2077,0.24481242583919863
2078,0.2585424764909996
2079,0.24659070802884192
2080,0.24826229983507533
2081,0.250089419565925
2082,0.24617608094976806
2083,0.2518680439735974
2084,0.25351364868976795
2085,0.2558091171392063
2086,0.2549534563957687
2087,0.2539346613793042
2088,0.2517883615602955
2089,0.24588155825360866
2090,0.25021605036559136
2091,0.24569601080654807
2092,0.2547201279592553
2093,0.25190965522965536
2094,0.24594092725215994
2095,0.25167609861162177
2096,0.24595869767705023
2097,0.2523899393954496
2098,0.2487740026092819
2099,0.25126857682720827
2100,0.24978636866609008
2101,0.24927843352999707
2102,0.2501682278617847
2103,0.25610785570544947
2104,0.2510989156423783
2105,0.24730528987923478
2106,0.24849097801802053
2107,0.24578455500334354
2108,0.2548815087640312
2109,0.24692738604760545
2110,0.25158991965329636
2111,0.25302869004288336
2112,0.24639814555597708
2113,0.2517058634216631
2114,0.25105149900628454
2115,0.2536393081722487
2116,0.24630257322112709
2117,0.2508936650973291
2118,0.24835461203464007
2119,0.24198863485638045
2120,0.2547243997236105
2121,0.24947260173393615
2122,0.24928035527361359
2123,0.24699469951013697
2124,0.25599231129395844
2125,0.2534401564707621
2126,0.252887725952599
2127,0.25166049014224123
2128,0.2543929314936802
2129,0.24284995532506615
2130,0.24376946632803612
2131,0.25068593661016575
2132,0.25166734873726315
2133,0.25070614410847547
2134,0.2408350393247552
2135,0.25561616936683346
2136,0.24514063000044667
2137,0.2498904053760661
2138,0.2521021628901261
2139,0.2541565485503082
2140,0.24567195791460297
2141,0.2501559375141531
2142,0.2477495184620749
2143,0.25191996603299677
2144,0.25312584949603517
2145,0.25063170459092443
2146,0.25292754666778894
2147,0.24958802526860727
2148,0.24964403737527202
2149,0.2525062103077983
2150,0.2516562895971923
2151,0.247925914399919
2152,0.24816507749156722
2153,0.24834564611071264
2154,0.24567015442418247
2155,0.2511530370201519
2156,0.2501528957548892
2157,0.2498362430574762
2158,0.24384158559499855
2159,0.2561381489344523
2160,0.24873363252205738
2161,0.24662066838544508
2162,0.24544189225601268
2163,0.24783579722067584
2164,0.24871759789083886
2165,0.25485472093958694
2166,0.2479298311986504
2167,0.24900045567228152
2168,0.2512352065844372
2169,0.2489147202278235
2170,0.24324100949920394
2171,0.2540706573461056
2172,0.25071552655551815
2173,0.24154519965354568
2174,0.24690627718374916
2175,0.2550770867647351
2176,0.24321354538186146
2177,0.2563914346309118
2178,0.25441856368331706
2179,0.24308950587361242
2180,0.2544699464040763
2181,0.25122380068710026
2182,0.24907818397128484
2183,0.2481957068224337
2184,0.2490942170907727
2185,0.24622233039264052
2186,0.25101234335505296
2187,0.24641266958676444
2188,0.25269216992452703
2189,0.2518405351909235
2190,0.2459485768776427
2191,0.25098614129729857
2192,0.25219553028548763
2193,0.24893558885669465
2194,0.25331764434143617
2195,0.25364076150343795
2196,0.2480146250539672
2197,0.2540704221263947
2198,0.2519313489641141
2199,0.25426237416190534
2200,0.24784496129169709
2201,0.25550302523943486
2202,0.24976521722909456
2203,0.2518201714476213
2204,0.2536077198350139
2205,0.2529395938383395
2206,0.249419271960161
2207,0.24861162951807936
2208,0.25255923767345356
2209,0.25926576658772915
2210,0.2461157049917793
2211,0.2491788054803607
2212,0.2522563674319231
2213,0.24139029005209126
2214,0.25133414635290807
2215,0.24640739925711935
2216,0.2537540703253709
2217,0.24517884921741723
2218,0.24887648644514546
2219,0.24690432552629848
2220,0.25141905324134284
2221,0.24480138517514013
2222,0.2486860395095439
2223,0.24852867693609773
2224,0.24814047711782203
2225,0.2463098479515166
2226,0.2556562481311938
2227,0.25093108217549104
2228,0.24948263378314228
2229,0.24748663102973667
2230,0.244679350641173
2231,0.2510377106200265
2232,0.254935209457397
2233,0.2463515550190586
2234,0.24844719793096004
2235,0.25108729868765484
2236,0.24346046716641093
2237,0.24924911085885249
2238,0.24051969296451411
2239,0.2541749340169873
2240,0.24533606171743091
2241,0.2524232160977947
2242,0.2438569780148103
2243,0.2398171261811452
2244,0.24882165409350687
2245,0.2497332384143794
2246,0.24014407750784245
2247,0.24882654253197375
2248,0.25006526245505967
2249,0.24962728329755446
2250,0.24829306225892472
2251,0.24468722312651964
2252,0.2454432384682915
2253,0.2517933467132579
2254,0.2444060227144757
2255,0.2512501016000129
2256,0.2498260302132056
2257,0.2512206494888381
2258,0.24979509386978446
2259,0.25450302174315215
2260,0.24489527597826696
2261,0.25109970395171494
2262,0.24361310056696484
2263,0.25300507808736555
2264,0.24969933022122762
2265,0.2473416087124235
2266,0.25599101655730616
2267,0.24348280869128502
2268,0.24376805522149833
2269,0.24507099518643538
2270,0.24818398141593503
2271,0.25071934408540586
2272,0.26264717173725455
2273,0.25212906142123587
2274,0.2511832992113375
2275,0.24327318613846305
2276,0.24033845028142278
2277,0.24741954839136324
2278,0.24951342838208074
2279,0.25578764361560896
2280,0.2532678944630955
2281,0.2482262767855013
2282,0.2477538327995693
2283,0.2562439128581626
2284,0.25402000724929347
2285,0.245313735596078
2286,0.2479425367596243
2287,0.24566309183305673
2288,0.24777782918159974
2289,0.2440667295645203
2290,0.24772709645075155
2291,0.2445938614595759
2292,0.24651599910278504
2293,0.2496306909288321
2294,0.2475960256955761
2295,0.2559491710266545
2296,0.2565774134177826
2297,0.24923517056776043
2298,0.2475600832109377
2299,0.2553799507464161
2300,0.24982067976176695
2301,0.2566281048431588
2302,0.24721790196927068
2303,0.24632365286527894
2304,0.2552864270829703
2305,0.25157174832978363
2306,0.24818785799107168
2307,0.25542523570549003
2308,0.24495645804076385
2309,0.2430094504716196
2310,0.24682148832061468
2311,0.250949159427146
2312,0.24863524136629378
2313,0.24702630165375186
2314,0.2530807697453377
2315,0.2554819440766283
2316,0.25169035905061077
2317,0.25217410483555164
2318,0.2538332127612975
2319,0.24571738220341738
2320,0.2547399257447449
2321,0.24312269306642875
2322,0.2549724981543142
2323,0.24501522083481594
2324,0.25746144134855387
2325,0.2515987896220557
2326,0.25044343634721866
2327,0.2463567886476664
2328,0.25102434277449215
2329,0.24462021276623774
2330,0.24911787346063444
2331,0.2469833677320962
2332,0.25228110817518035
2333,0.2454350865346799
2334,0.2451972117894391
2335,0.24667635844761368
2336,0.24902884021164462
2337,0.2515100090815662
2338,0.2455355144520668
2339,0.24613403336171752
2340,0.2509607173366205
2341,0.24473132663304692
2342,0.25045589644676475
2343,0.24903917941016543
2344,0.24579617662769937
2345,0.24979784603372085
2346,0.2524274902538002
2347,0.24669397262751155
2348,0.24668187890831902
2349,0.25232200092985657
2350,0.24740977887517013
2351,0.25155659198366453
2352,0.2520968447862777
2353,0.2503024968070064
2354,0.24819278649043536
2355,0.2573720457010779
2356,0.2500549479924008
2357,0.25053117607182895
2358,0.2463357279226691
2359,0.246812482909328
2360,0.24002951728172378
2361,0.24529973941071456
2362,0.24768883698709435
2363,0.2577809448561797
2364,0.25166325114346727
2365,0.24427297243810192
2366,0.24301030869048948
2367,0.24778968692175393
2368,0.25426321496354815
2369,0.25295402527381816
2370,0.25230453657240365
2371,0.25098308478653736
2372,0.25763125095776623
2373,0.2563431243194861
2374,0.25067506993087674
2375,0.24789472585633734
2376,0.2496129326128013
2377,0.24581089823204308
2378,0.2460978608122485
2379,0.25222002715753417
2380,0.24311780959705226
2381,0.25031375237355863
2382,0.253482261262857
2383,0.24653445951328545
2384,0.25092712296631836
2385,0.2498895069105096
2386,0.2526731455180109
2387,0.2529498709058313
2388,0.2510085913160537
2389,0.24849875790805853
2390,0.250544142510401
2391,0.2461190046796215
2392,0.2513057669263195
2393,0.24803703577115294
2394,0.2529544374434862
2395,0.2522959437023648
2396,0.2540075082359256
2397,0.2540058267463081
2398,0.255176617800418
2399,0.2490392425515093
2400,0.24874389514443396
2401,0.24393310790137424
2402,0.24365444681987314
2403,0.24947905697348766
2404,0.25022091685451825
2405,0.24183101989698386
2406,0.24928092125451806
2407,0.2468678196612877
2408,0.2511807631200618
2409,0.2508750650997359
2410,0.24930171394598016
2411,0.2484635288541331
2412,0.24631008241190014
2413,0.25028362523022873
2414,0.24811376732297902
2415,0.2527241838079566
2416,0.24697818557911494
2417,0.2509629302173112
2418,0.24980364359314663
2419,0.2504056228773687
2420,0.25257193791969523
2421,0.25968975858295046
2422,0.2526565845952049
2423,0.24790103999014138
2424,0.2489569190686841
2425,0.2548375044842419
2426,0.24889581648924558
2427,0.24688575208268007
2428,0.256729218327511
2429,0.24948313760992588
2430,0.2578409409499848
2431,0.24441174799580995
2432,0.25314508183205203
2433,0.24921730596370903
2434,0.25228503387639906
2435,0.2571457483095332
2436,0.24649132233176146
2437,0.25353771629110455
2438,0.24706156428082887
2439,0.24881021993775054
2440,0.24797285118576382
2441,0.24818569412915958
2442,0.2531232804051454
2443,0.2480816784957281
2444,0.25338331233454653
2445,0.2513300308335453
2446,0.2563521386332601
2447,0.2526427523681405
2448,0.2476764177729701
2449,0.2540685169523883
2450,0.257509226206206
2451,0.24532247796601184
2452,0.24755346098270173
2453,0.24737932403741283
2454,0.25514149163254796
2455,0.2536175281444366
2456,0.2538611306832541
2457,0.24743486132811665
2458,0.2525213773324118
2459,0.24671852797126959
2460,0.24684120340687066
2461,0.24709819081377785
2462,0.24549852632206481
2463,0.24672988439688268
2464,0.25109481160294306
2465,0.2515079723753374
2466,0.25125235194106826
2467,0.252722420821575
2468,0.2584724938932394
2469,0.2437514226916385
2470,0.24909447892965603
2471,0.24693215091814408
2472,0.24855828057416207
2473,0.2485515552088831
2474,0.2552164443646179
2475,0.24529551930777585
2476,0.24228395285796142
2477,0.24984788677505618
2478,0.2483138749514187
2479,0.24423100598852454
2480,0.24489147358762423
2481,0.24954339264898895
2482,0.25032132875274066
2483,0.2431840499382201
2484,0.24703709472208446
2485,0.24435030041202033
2486,0.24978876491928545
2487,0.2493236708585518
2488,0.24805430621436692
2489,0.24695463140117893
2490,0.25361955359863353
2491,0.2545395804166544
2492,0.2465469107755419
2493,0.2474959248569734
2494,0.2517325313374966
2495,0.24985789075163287
2496,0.25281526851467256
2497,0.2495188048139566
2498,0.24766930294689046
2499,0.2525010257631668
2500,0.24812578142871786
2501,0.24881725912587918
2502,0.2501887924502131
2503,0.2522270757985957
2504,0.25022476081778844
2505,0.24320671575555647
2506,0.2446268918759681
2507,0.2498341430310377
2508,0.2512284738353257
2509,0.24958560796195936
2510,0.25108918227677696
2511,0.2441155590277644
2512,0.2542107148928713
2513,0.2515128253804341
2514,0.2489814966129697
2515,0.2513964482452625
2516,0.2413156295579868
2517,0.24544764611831618
2518,0.25191686265104374
2519,0.25454998206238943
2520,0.25353387271558203
2521,0.2518560648061776
2522,0.24762900440844612
2523,0.2572911289944353
2524,0.252918603573321
2525,0.25311653341287643
2526,0.24985895360534172
2527,0.24628104040129314
2528,0.24538169317641867
2529,0.2432282048551762
2530,0.2513083461873638
2531,0.24666131335860558
2532,0.24841549932383722
2533,0.2472302317390639
2534,0.2514114945788459
2535,0.2486543878942051
2536,0.2507544377620015
2537,0.24082552932735754
2538,0.25115721927497825
2539,0.2494455336367019
2540,0.24345634465096322
2541,0.2495858476003151
2542,0.2504692058626934
2543,0.256864130057677
2544,0.24261310912414716
2545,0.25321717737983207
2546,0.2436145478892921
2547,0.2512279738536494
2548,0.24657786603811757
2549,0.25170893898197433
2550,0.24718505975771343
2551,0.25076678053037693
2552,0.25192598224252344
2553,0.24722321178627504
2554,0.2486755604077451
2555,0.24930565895410106
2556,0.25135984893732605
2557,0.2543239829828697
2558,0.24890922998041032
2559,0.24523132330765696
2560,0.24639363824936106
2561,0.2546562527780711
2562,0.2525529812520336
2563,0.24909040531239474
2564,0.24492970825022178
2565,0.25127694423685115
2566,0.25538919303282853
2567,0.256282894016285
2568,0.2524588604071682
2569,0.25139270577978834
2570,0.2497749334515484
2571,0.24832443871424806
2572,0.25497293221524864
2573,0.25097624278421743
2574,0.2543510928939158
2575,0.25731677266399966
2576,0.2462478266545021
2577,0.24701036145904667
2578,0.2525730940628425
2579,0.25224371160002534
2580,0.2436246756426788
2581,0.2456824665424883
2582,0.25335981720185957
2583,0.2514502750124343
2584,0.2531705392775921
2585,0.2548000772590174
2586,0.2503648749529551
2587,0.25520615254562873
2588,0.2543587297718039
2589,0.2467202661565916
2590,0.2535746243645107
2591,0.24299430010490586
2592,0.2520133721794821
2593,0.24495687596194166
2594,0.24238828227213682
2595,0.25493053189052667
2596,0.24543999283351597
2597,0.24960836738491932
2598,0.24971956887794677
2599,0.2621960674162449
2600,0.25533681931640184
2601,0.25294328867329446
2602,0.25000750220180024
2603,0.24880013583938038
2604,0.2478265949951601
2605,0.2511392754388561
2606,0.25016096781769487
2607,0.2530556125505276
2608,0.25662370023680825
2609,0.2542037452917259
2610,0.24875923261509159
2611,0.2492638330367337
2612,0.26155425508007785
2613,0.24759831717940559
2614,0.25104566214528934
2615,0.24998658706639293
2616,0.2507032318544394
2617,0.25248698896646105
2618,0.25315398461463556
2619,0.2526950472956386
2620,0.24416837809926323
2621,0.2435240324350505
2622,0.2478677479627615
2623,0.2512063706390344
2624,0.25303227826726776
2625,0.2468344018531951
2626,0.2444033761023245
2627,0.2466635756227306
2628,0.2438004661353511
2629,0.2466004190081258
2630,0.25267852655432144
2631,0.24959325940555488
2632,0.2474351201366145
2633,0.25046604134329903
2634,0.24568182085062984
2635,0.24296240373843675
2636,0.251721164741729
2637,0.25264029385352077
2638,0.24644098808479353
2639,0.25531865943071086
2640,0.2479598779138047
2641,0.24816713210027097
2642,0.25051304626267007
2643,0.25061051562836656
2644,0.2489521989286746
2645,0.2491610983104825
2646,0.25391689562404635
2647,0.2488093063981468
2648,0.24785323932220663
2649,0.24962780169004548
2650,0.25661336342993774
2651,0.25004248517173044
2652,0.24981608830246022
2653,0.2530872425388764
2654,0.252582308527613
2655,0.2518862713540794
2656,0.24884877541928277
2657,0.2512946652783071
2658,0.24439143818498227
2659,0.2521483551289543
2660,0.25132160431345574
2661,0.24702229665526465
2662,0.25429039112481006
2663,0.25215951915898316
2664,0.24648210850572613
2665,0.2476741395450751
2666,0.25011293886093644
2667,0.24755367684648066
2668,0.25084720413083605
2669,0.24259725036100843
2670,0.24523541586716474
2671,0.2404592002488922
2672,0.25198112142092677
2673,0.2458823428615221
2674,0.24725909448942898
2675,0.25648612458456754
2676,0.25423715976305095
2677,0.24427019556139556
2678,0.24779682703414113
2679,0.25475705059836895
2680,0.2518717750797363
2681,0.24774211604457036
2682,0.2509534870205749
2683,0.24954084196891396
2684,0.2576747312372389
2685,0.25313590552177584
2686,0.24876104498490748
2687,0.25455083913418425
2688,0.25378986652628965
2689,0.2523372454105338
2690,0.2546326639030004
2691,0.252701869674871
2692,0.2499822428150644
2693,0.24463534048928184
2694,0.25643426038123635
2695,0.25083263113666465
2696,0.2503314281761456
2697,0.2542027656455905
2698,0.24427828782082617
2699,0.2528523855763649
2700,0.24300566985165106
2701,0.24022216662147944
2702,0.25371444630381784
2703,0.2524782968044865
2704,0.24373043375948492
2705,0.2512759727338757
2706,0.25518660279264244
2707,0.2552247380427121
2708,0.2510088498181695
2709,0.24780264194559626
2710,0.24939387089414017
2711,0.25142032009115556
2712,0.24507158164725495
2713,0.2509855485345237
2714,0.2512470015548273
2715,0.2465103933654059
2716,0.2490011087479726
2717,0.2545059980346196
2718,0.25686078462262596
2719,0.2429145240305858
2720,0.24357940772925216
2721,0.2508568587075088
2722,0.24523751619998532
2723,0.25389344748314335
2724,0.25311185085382376
2725,0.2467086396052511
2726,0.24992976760084162
2727,0.2437663166484287
2728,0.25027323948306607
2729,0.2437192258234519
2730,0.2533439568548684
2731,0.24608239920012512
2732,0.251173278762651
2733,0.24961602476581446
2734,0.2463997815493733
2735,0.25378341455830794
2736,0.2435143765255129
2737,0.2554944316100687
2738,0.2573381679722058
2739,0.2536031940944912
2740,0.24443603587957027
2741,0.2463531419515705
2742,0.2503996112722768
2743,0.2534611810451676
2744,0.24593643501959117
2745,0.2520671028287878
2746,0.2447355588448451
2747,0.25227605647254414
2748,0.24631414305367114
2749,0.24838174983252578
2750,0.2526022040211858
2751,0.248953429376908
2752,0.24683564838579067
2753,0.24519872642076748
2754,0.2538198157191506
2755,0.24552384620750667
2756,0.25356096787513077
2757,0.25229785145381134
2758,0.2461020270479104
2759,0.24492791429122063
2760,0.24512541776005614
2761,0.25343349160418926
2762,0.2544814814188935
2763,0.2495241255604429
2764,0.25359625861694307
2765,0.2547169686830309
2766,0.25255836803985393
2767,0.2506175896994197
2768,0.24730167951952048
2769,0.24803775431464042
2770,0.24363080186474123
2771,0.24937864413014804
2772,0.25083522887372134
2773,0.24907968200991124
2774,0.2446870460559703
2775,0.2530842007144148
2776,0.25678088755781786
2777,0.2442354155870574
2778,0.2561236866469463
2779,0.24528571914151315
2780,0.2514253782815369
2781,0.2478482305152596
2782,0.2437363610330203
2783,0.2544999690774983
2784,0.2511117976288017
2785,0.2458435148626122
2786,0.23993344944904
2787,0.2529411089780077
2788,0.24842692754229395
2789,0.2451221592570938
2790,0.251839327506952
2791,0.24800982100245134
2792,0.25008293126156167
2793,0.2500948284238775
2794,0.2471260453370383
2795,0.24953416702047618
2796,0.24416407832747633
2797,0.2537163020061003
2798,0.2477486482549378
2799,0.25253891656848837
2800,0.25112160209311707
2801,0.25396734626399176
2802,0.24883120244735668
2803,0.24393046910983301
2804,0.2549518136572751
2805,0.2584642598339316
2806,0.2514375136518433
2807,0.24478529666972074
2808,0.24828565020269738
2809,0.2505590453465867
2810,0.2446114238412973
2811,0.2486457066617125
2812,0.24517409905627013
2813,0.24516739803910553
2814,0.24767332762385957
2815,0.25279535200975295
2816,0.2478800538212178
2817,0.25250798337604485
2818,0.25342329629081384
2819,0.2520814320723407
2820,0.24896033187793398
2821,0.24349083046764491
2822,0.2475264132026846
2823,0.2609839803402781
2824,0.24564545924234416
2825,0.24757095322699424
2826,0.25235926963210664
2827,0.2459158381256784
2828,0.24284868974292068
2829,0.24913825618828883
2830,0.2505205376161659
2831,0.253419726686126
2832,0.2566805292758847
2833,0.25366375671964636
2834,0.24478496335417899
2835,0.2506850719035507
2836,0.2495564701819741
2837,0.24916922886809156
2838,0.24885020281214051
2839,0.24359429466686552
2840,0.24488791482412867
2841,0.25462983724818805
2842,0.2451380793434636
2843,0.2489642968155244
2844,0.24736276898670867
2845,0.2476878161006846
2846,0.25026015753143604
2847,0.24663311958250378
2848,0.24533475190673137
2849,0.25237765831496106
2850,0.250537482062473
2851,0.24758625226907796
2852,0.2582031008927981
2853,0.23889136828817464
2854,0.24422845222266962
2855,0.25422842829950704
2856,0.2511144073541257
2857,0.24881311509074486
2858,0.24981301487644705
2859,0.25239369849573157
2860,0.25249058342760305
2861,0.2523625010727545
2862,0.2551169491569768
2863,0.24980735117569625
2864,0.2514377887466611
2865,0.2548072129527597
2866,0.2502326880503315
2867,0.25437896451821806
2868,0.24544444703218257
2869,0.25259725135949773
2870,0.24874219902391143
2871,0.2446855308511044
2872,0.25068346214157927
2873,0.2536284420664972
2874,0.2459015054085979
2875,0.24942842643456525
2876,0.2520578409844856
2877,0.2523241603079262
2878,0.2470010880142248
2879,0.24955067128968345
2880,0.24829143061897563
2881,0.246803887461849
2882,0.24915188517857684
2883,0.2537593908629754
2884,0.2591242355293173
2885,0.24856483416053202
2886,0.2542871084595232
2887,0.2534603285126098
2888,0.2521255657921601
2889,0.24963096929521977
2890,0.2467765710747592
2891,0.24489442532901956
2892,0.24770706185533392
2893,0.2514917322293602
2894,0.2515086431256077
2895,0.24472502391397263
2896,0.2495019822380571
2897,0.2472650898733987
2898,0.25648155880623996
2899,0.24948108281543227
2900,0.25095805174011704
2901,0.24483722454582754
2902,0.24885229357143598
2903,0.25659783690046345
2904,0.2519439890341996
2905,0.2540020109924275
2906,0.25483258594615105
2907,0.2522051004100116
2908,0.24605178558204105
2909,0.2511112371484194
2910,0.25786531846386607
2911,0.25294554658397234
2912,0.24834656979737896
2913,0.2511566524926407
2914,0.2483069342958984
2915,0.24937142971267473
2916,0.253394399990389
2917,0.25088599231983677
2918,0.25183030695642034
2919,0.25013081722926217
2920,0.25264426932592143
2921,0.24826055704531863
2922,0.24930592659988865
2923,0.24772053641874225
2924,0.25000056665905435
2925,0.2556156343164427
2926,0.25255365798170937
2927,0.24723859921390445
2928,0.24451503233815924
2929,0.2522059807642114
2930,0.2523742296302308
2931,0.24804623300448628
2932,0.2495632366669352
2933,0.2546211179587013
2934,0.2523489349174283
2935,0.24648153698219372
2936,0.2514021282877278
2937,0.24751143106923051
2938,0.2450130263880319
2939,0.2549196688705551
2940,0.25343444278994753
2941,0.24507660552824923
2942,0.25393553462375085
2943,0.2425292452805439
2944,0.2510360475643157
2945,0.24871349385140357
2946,0.2491673838212115
2947,0.24423781202604256
2948,0.246276754807466
2949,0.24783225366162287
2950,0.2501204778449515
2951,0.2474503729462416
2952,0.2505895726713173
2953,0.25078561613542866
2954,0.24564490721150384
2955,0.2507773268759792
2956,0.24832611458275117
2957,0.24875112621980694
2958,0.24959321184023334
2959,0.23966107884735832
2960,0.24537830970746546
2961,0.24322112194683337
2962,0.25249079871784447
2963,0.25235854004546904
2964,0.2514110512507684
2965,0.2508339710469881
2966,0.25273435180802994
2967,0.25402103427496053
2968,0.2497704654234098
2969,0.25234955676951226
2970,0.24540463869300755
2971,0.249057521221828
2972,0.2543076437307468
2973,0.2447983585551212
2974,0.24794836130980225
2975,0.24638978141790402
2976,0.2466083651044289
2977,0.25103961010772086
2978,0.25010151303413
2979,0.24676412560611824
2980,0.24754169717072108
2981,0.2473624055715429
2982,0.24370230678404448
2983,0.2519288513498828
2984,0.24421229728816857
2985,0.23954012127986216
2986,0.24418814390181837
2987,0.25499134929328254
2988,0.24516375449398725
2989,0.2520643875747705
2990,0.2529295931333327
2991,0.258554096232045
2992,0.25186096693735643
2993,0.24724436713357556
2994,0.25801869962761204
2995,0.24852208202116385
2996,0.24838910096019368
2997,0.2529765092303806
2998,0.25038576868926793
2999,0.24972927032581135
3000,0.24467755081006998
3001,0.2460230098843567
3002,0.2506303482967807
3003,0.254475260066188
3004,0.24903184569972459
3005,0.24540244758299104
3006,0.25413668345581747
3007,0.2499456282703827
3008,0.2508200543446831
3009,0.25605070954886167
3010,0.24719701099618785
3011,0.24839512025550026
3012,0.2480736508893721
3013,0.2477478186170372
3014,0.24735364794177192
3015,0.2429537529050262
3016,0.25807565060229376
3017,0.2514482851352916
3018,0.25046106067417917
3019,0.25155140748113874
3020,0.24999421050255666
3021,0.2506441069128887
3022,0.2558947860339906
3023,0.24591796137624822
3024,0.2435714322926524
3025,0.2458069917661642
3026,0.25110756698412867
3027,0.24848259079950033
3028,0.25429031606039654
3029,0.24623482972855829
3030,0.2481200687091884
3031,0.24382649093676625
3032,0.25009322692565816
3033,0.25468188591282515
3034,0.24138973865998617
3035,0.2490450179756052
3036,0.2538418201318461
3037,0.24722593587758193
3038,0.2525030516051114
3039,0.24897580824155463
3040,0.24581304492771572
3041,0.24878239530523233
3042,0.24613880580187864
3043,0.25157744629781575
3044,0.2504463034275835
3045,0.2516878085563256
3046,0.25046499811267764
3047,0.2473907651892541
3048,0.24619452994553875
3049,0.25480353655171145
3050,0.24490902057911312
3051,0.25309406068525386
3052,0.24985205131319754
3053,0.24867384820286034
3054,0.25154936431025676
3055,0.2528310930336219
3056,0.24926780757094114
3057,0.24800463449602295
3058,0.2505615089087832
3059,0.24911771594797485
3060,0.24718127674609464
3061,0.2498537564989054
3062,0.24903443269308925
3063,0.24457130476505257
3064,0.25145420614897745
3065,0.24860021379622976
3066,0.24870771067189534
3067,0.24103035186936408
3068,0.2515016028556018
3069,0.24793466192473312
3070,0.2497910984679143
3071,0.2469460232061053
3072,0.24777117112532193
3073,0.2520978378741374
3074,0.24803883481983666
3075,0.24743301223417147
3076,0.24070158166201386
3077,0.24413497927552294
3078,0.2536969938694345
3079,0.24122728547008207
3080,0.25222580888358537
3081,0.2512187398961868
3082,0.25190030684101217
3083,0.24816498855557598
3084,0.25303253355320826
3085,0.24196816740249782
3086,0.2491973387424902
3087,0.25572300104814527
3088,0.24689458017242988
3089,0.2452484039327269
3090,0.25648732981169103
3091,0.2507723491068494
3092,0.24041863480089581
3093,0.24790095048061264
3094,0.2512962768814833
3095,0.25400637056879083
3096,0.2412362951142237
3097,0.24390541378439876
3098,0.24736539049141815
3099,0.24627069211449512
3100,0.25164373935918544
3101,0.25367694988628164
3102,0.25013810728468644
3103,0.25147493645842306
3104,0.2502688255310861
3105,0.2508595243271041
3106,0.2534622438336788
3107,0.25331978542928313
3108,0.25523719499128056
3109,0.24512301577844303
3110,0.2498264786540576
3111,0.2520425214393949
3112,0.255419797813623
3113,0.24865126791955006
3114,0.25167804269944993
3115,0.2565117377898521
3116,0.24444630480390217
3117,0.2579021280698617
3118,0.2539554181290564
3119,0.25038536523629734
3120,0.25379694501598765
3121,0.2534931000553064
3122,0.24678006000720795
3123,0.2532459532633063
3124,0.24818809429265995
3125,0.24863183543253667
3126,0.24456754964027333
3127,0.25255644754081275
3128,0.24825943590568814
3129,0.2502781930898714
3130,0.24574912982931885
3131,0.2546715299358125
3132,0.2473047677622286
3133,0.2519255459757286
3134,0.2497176348719835
3135,0.25274085373298344
3136,0.25078349933049826
3137,0.25286159416903353
3138,0.251722894477509
3139,0.254663027591982
3140,0.2480424046334063
3141,0.2523932854461439
3142,0.2520302380878482
3143,0.2530308902411771
3144,0.2539246614336248
3145,0.24735243899013326
3146,0.24255032241245333
3147,0.25688935713892835
3148,0.2507358472727358
3149,0.24745104942492974
3150,0.24708037351769574
3151,0.25071192710219387
3152,0.2523041471116029
3153,0.24694910369340106
3154,0.25110634095454015
3155,0.256030498964772
3156,0.25064088341344304
3157,0.24956007297206595
3158,0.24510954809052743
3159,0.25129238371364465
3160,0.24985857132641584
3161,0.2531270800094662
3162,0.24517118698802393
3163,0.2511283608226658
3164,0.2474154095342011
3165,0.24497981282703074
3166,0.23920283889780408
3167,0.2479806877063086
3168,0.2472117783898461
3169,0.2515791894753201
3170,0.24621292486515073
3171,0.24819911924393595
3172,0.24516858282841975
3173,0.2526312312802955
3174,0.25687588763290004
3175,0.25483969232268866
3176,0.25038254760456446
3177,0.25619713730949256
3178,0.2523728283482057
3179,0.24109000146325532
3180,0.25876935107622084
3181,0.2528742766985901
3182,0.2466191995434312
3183,0.24828382805047455
3184,0.2526111939216478
3185,0.25237456395608754
3186,0.25556528271744544
3187,0.24795817864230446
3188,0.24532065524025154
3189,0.2505825740524253
3190,0.247881781738885
3191,0.2480229703282802
3192,0.2527905605852396
3193,0.24009728808759462
3194,0.24334205144170007
3195,0.24410312939249806
3196,0.24901976691781924
3197,0.24964001527574303
3198,0.256930950414025
3199,0.2448904031642929
3200,0.25053564356853575
3201,0.24873124971058638
3202,0.2567987773408733
3203,0.24627240804389505
3204,0.2487717077886849
3205,0.25083981257761573
3206,0.24526862910561598
3207,0.24550680819768161
3208,0.2509255844236531
3209,0.26037893331635487
3210,0.24680482186911543
3211,0.24649385717846184
3212,0.2471730744187338
3213,0.2514592458633464
3214,0.2557048290535948
3215,0.25761390633005826
3216,0.2496184972074064
3217,0.24943887986230887
3218,0.25093749553603306
3219,0.24678528095341876
3220,0.26015427854271156
3221,0.25281949764069084
3222,0.25239679999437414
3223,0.251922571339676
3224,0.24824245454946187
3225,0.25319586470566185
3226,0.25117410474123414
3227,0.250541385442572
3228,0.24794397908976923
3229,0.24831323020467755
3230,0.24702958728422647
3231,0.24616098753611104
3232,0.25586626002422436
3233,0.24903059852839382
3234,0.2507243954654921
3235,0.24707910224923824
3236,0.24948294181237654
3237,0.2508364638057972
3238,0.2509043578570464
3239,0.2530895201280362
3240,0.2476125833468123
3241,0.24204277830428617
3242,0.24459733341157502
3243,0.24705116306494723
3244,0.2442488941161652
3245,0.2485890713279932
3246,0.25019717260745067
3247,0.24312477629820753
3248,0.24933469781373047
3249,0.24952993580226568
3250,0.2451126197405336
3251,0.2539511011258323
3252,0.24656582586365194
3253,0.24657994480914577
3254,0.24381352392465663
3255,0.26027743106533163
3256,0.2497720796692238
3257,0.2545872649656912
3258,0.2514506269476726
3259,0.25271434484846433
3260,0.2465867747580007
3261,0.24507872560474941
3262,0.2521952831427071
3263,0.24993966977324017
3264,0.24356143657982793
3265,0.25003177052767084
3266,0.2457098094835528
3267,0.2460627094232686
3268,0.24606681212983902
3269,0.24992646645954236
3270,0.251278549071838
3271,0.24880097450036048
3272,0.2519521794384909
3273,0.25672423765839114
3274,0.244832348072536
3275,0.25204440629618413
3276,0.2585222425039128
3277,0.24757618975559212
3278,0.25344519700965606
3279,0.2501405823268104
3280,0.2522297083533793
3281,0.250743920733604
3282,0.2416010187126023
3283,0.2454647585405308
3284,0.24647887889011505
3285,0.25389562533722543
3286,0.25024768178430523
3287,0.25263475712266337
3288,0.25060257564822885
3289,0.2490711177208417
3290,0.24942339056530372
3291,0.24779128418711832
3292,0.24079768980658195
3293,0.24753843621091076
3294,0.24779905448053924
3295,0.25400439859412305
3296,0.2486992391639243
3297,0.25119058668932165
3298,0.24275213007172058
3299,0.2546742927551513
3300,0.2457548975632001
3301,0.24810426584032108
3302,0.25443271951563806
3303,0.24648566127364846
3304,0.24917334362812696
3305,0.24835852285396612
3306,0.25174897901830284
3307,0.24497872493107786
3308,0.24889080332885138
3309,0.2533319644967118
3310,0.24481097927619871
3311,0.2459960250598936
3312,0.2509103583537906
3313,0.25310981083391937
3314,0.25292308950393455
3315,0.25195033124063315
3316,0.24784072698770662
3317,0.24452681955313696
3318,0.2427703528477679
3319,0.2473500279854406
3320,0.24898344953808754
3321,0.2528199180741111
3322,0.25002459665634214
3323,0.24319974355387905
3324,0.2408513294277041
3325,0.2453327221544818
3326,0.25777339445743486
3327,0.252909546178068
3328,0.25313972196978624
3329,0.25210150539579024
3330,0.25353081935579846
3331,0.2565254309381636
3332,0.25302250093046463
3333,0.24992555676504594
3334,0.2503273768800041
3335,0.24914097427073376
3336,0.24128464125369126
3337,0.24284178542378193
3338,0.2517702638708312
3339,0.24932201857883562
3340,0.245091901484553
3341,0.24503935120591674
3342,0.2498125600684421
3343,0.25724368704894207
3344,0.24762329887079151
3345,0.24892634986494394
3346,0.251150661018976
3347,0.24910156549731632
3348,0.2485803406237767
3349,0.25110521912077993
3350,0.2514834861817852
3351,0.2532115303790867
3352,0.2517406770764564
3353,0.25035044697483616
3354,0.254453409578397
3355,0.24865607266519557
3356,0.2423885603321424
3357,0.2473267001478201
3358,0.24878674194821113
3359,0.25190051147585124
3360,0.2511938343279998
3361,0.2509134864716056
3362,0.25118919367104864
3363,0.2533913691375151
3364,0.2609990635837806
3365,0.25950086620917867
3366,0.24850286452493392
3367,0.24691517391536494
3368,0.25432247016965404
3369,0.24682327413645588
3370,0.24441780035592833
3371,0.2603019025073865
3372,0.24478287519541558
3373,0.25630725827423184
3374,0.25232017750996655
3375,0.250090145679035
3376,0.23970607154537496
3377,0.2448859860613353
3378,0.24984099071966961
3379,0.2471883195935407
3380,0.2518750438601567
3381,0.2500741267605988
3382,0.2526085353212294
3383,0.24555730122497638
3384,0.25367867462987925
3385,0.24211196072503466
3386,0.2439040533941601
3387,0.25102432114750206
3388,0.24405812452042427
3389,0.2476695444264509
3390,0.24709805739824503
3391,0.2500245654979327
3392,0.24226549044355836
3393,0.24799051645354062
3394,0.25079167183231454
3395,0.249628547569927
3396,0.25050029454080186
3397,0.24662206543461523
3398,0.24460053017125608
3399,0.2483439840485895
3400,0.2440172863923522
3401,0.2517236200401734
3402,0.2523011175263962
3403,0.2514596480717417
3404,0.24681641277820396
3405,0.2471117328719772
3406,0.25435768339020487
3407,0.2540614327994702
3408,0.2434717435585201
3409,0.25222281544897035
3410,0.24841103313690333
3411,0.24564761673710328
3412,0.24331043988725803
3413,0.2473937859371712
3414,0.2509176844392145
3415,0.2524493750740701
3416,0.24773090254281752
3417,0.24869667442648172
3418,0.2459067736691427
3419,0.24749293584100318
3420,0.2514418877939141
3421,0.24793260228174133
3422,0.2454201131733178
3423,0.24838981931789128
3424,0.2460279313876354
3425,0.24911421741890905
3426,0.23917775304289235
3427,0.24105802907108764
3428,0.25504914776623405
3429,0.24348447995535347
3430,0.24070635391638512
3431,0.24347926241110787
3432,0.24938703318987293
3433,0.2504402216850627
3434,0.24798722288186376
3435,0.2521242565549981
3436,0.2471535852781217
3437,0.24909655100405728
3438,0.250988294187623
3439,0.2494775202068294
3440,0.25272033323634907
3441,0.2509018422035801
3442,0.2512020785574621
3443,0.24589669474874473
3444,0.24676523929671848
3445,0.25730251330688797
3446,0.24586225421303776
3447,0.2491458081056884
3448,0.2548390410651104
3449,0.24998351263006485
3450,0.2525465019707499
3451,0.2478210165710831
3452,0.25060989876846496
3453,0.250537832286902
3454,0.24979414286981605
3455,0.24265581243052653
3456,0.24352256340724676
3457,0.2585451726954669
3458,0.24988181798345743
3459,0.24768447508427846
3460,0.25122511622621757
3461,0.25020593062496926
3462,0.24966777701790488
3463,0.2500933780157703
3464,0.2516354938199502
3465,0.2506771155165009
3466,0.2424542722312569
3467,0.25113542783243636
3468,0.24914830597727194
3469,0.24817487305339522
3470,0.2526850120954548
3471,0.2492318510710409
3472,0.24891356017437122
3473,0.25196855528434764
3474,0.2534346256120066
3475,0.25320185121023614
3476,0.24844809690485636
3477,0.25123258620371086
3478,0.24738776254576972
3479,0.25561143749590887
3480,0.2523639837863461
3481,0.2536909256759415
3482,0.25337576359121655
3483,0.24100645767925938
3484,0.2511948908797534
3485,0.24975975998129551
3486,0.24557928236507015
3487,0.2518802372420778
3488,0.2495701651483984
3489,0.24971068116941048
3490,0.25562673363800253
3491,0.2506233600107411
3492,0.24686328119626225
3493,0.24250775194806923
3494,0.25123106455320554
3495,0.2500872500177009
3496,0.24594268002628128
3497,0.24897871980146102
3498,0.2495686494351927
3499,0.24918380646669774
3500,0.24484170656613602
3501,0.24174198419114606
3502,0.25002341319989285
3503,0.24946353985484057
3504,0.23849187484635256
3505,0.2515901420048204
3506,0.24773616014795993
3507,0.2493584309686182
3508,0.2520515698115684
3509,0.25144087565650436
3510,0.25633032176072656
3511,0.2526710560915803
3512,0.25051947671096514
3513,0.2459286551295532
3514,0.24808179789599907
3515,0.24965081918526788
3516,0.2517527398945918
3517,0.24558084532104746
3518,0.25379231810021885
3519,0.2494423828100195
3520,0.2464723442880974
3521,0.2513947781051772
3522,0.2446600013617331
3523,0.24312553025605133
3524,0.2483778198984521
3525,0.24846964813550504
3526,0.25310763365087513
3527,0.2508738840349368
3528,0.25005563280003873
3529,0.25495000361391174
3530,0.25048782617750365
3531,0.25573119513484593
3532,0.2497125759874725
3533,0.24399518464951797
3534,0.24719649884045442
3535,0.2455270600451376
3536,0.25437597738555834
3537,0.2516209830872031
3538,0.24223445190821152
3539,0.24451228150708773
3540,0.24797500690451596
3541,0.252163256632275
3542,0.2472604851581575
3543,0.251465084937126
3544,0.24629672600418748
3545,0.25265350719368906
3546,0.24852848826502874
3547,0.24500679292646696
3548,0.2560568076982946
3549,0.2539428949533641
3550,0.24909407414382057
3551,0.2517670468822226
3552,0.25825861540943684
3553,0.24882068592729895
3554,0.2512500217944046
3555,0.24626595589012346
3556,0.2546944671886492
3557,0.24571218176021356
3558,0.24720891887910373
3559,0.255360927649673
3560,0.25127401426613
3561,0.2548205629379249
3562,0.2520567385228253
3563,0.24174143330738077
3564,0.2516505069912215
3565,0.2494030656152311
3566,0.25487491801675466
3567,0.2512746667682836
3568,0.24529022720745652
3569,0.25146877725983846
3570,0.24843429822785162
3571,0.2542763985987641
3572,0.24485095957314856
3573,0.2435199796854519
3574,0.24542223961697093
3575,0.2514243438882051
3576,0.2469326700699625
3577,0.24585265677521168
3578,0.24446308996154273
3579,0.253050598816596
3580,0.24851666301614883
3581,0.248368709144262
3582,0.24506465707609673
3583,0.25160016384176626
3584,0.2497040358607274
3585,0.25423387098159866
3586,0.2454720751499298
3587,0.2510397106442318
3588,0.2496730633667145
3589,0.2533914884956803
3590,0.2576827310871507
3591,0.2478483862519122
3592,0.2477932985491354
3593,0.247610359171984
3594,0.24410651122912838
3595,0.24516164475033952
3596,0.25644877382181896
3597,0.24857132119722813
3598,0.24583148686220369
3599,0.24527161812158613
3600,0.25411977124979707
3601,0.25169632321097335
3602,0.25118937888475795
3603,0.25366000725808724
3604,0.24822259078783598
3605,0.2494778891646231
3606,0.2529728380494103
3607,0.2445099570467361
3608,0.24912207066891592
3609,0.24794165456421985
3610,0.25070529711854556
3611,0.24898842969886764
3612,0.24893762448104614
3613,0.24928101460915414
3614,0.2520875567105507
3615,0.2540415321279252
3616,0.2558997706134155
3617,0.2474497560211423
3618,0.24870276058764734
3619,0.2521949869713448
3620,0.250201371148597
3621,0.24678324344575683
3622,0.24758741177208465
3623,0.2520812815557661
3624,0.24984625423901963
3625,0.2512847108709546
3626,0.25253776615375884
3627,0.25030580797477614
3628,0.24961283665763317
3629,0.2519246597494269
3630,0.25046332484470657
3631,0.2444923465261557
3632,0.24875926673868876
3633,0.2447567580981497
3634,0.2510374215751445
3635,0.2505480604562075
3636,0.24667185089001015
3637,0.24954193522170487
3638,0.25832890444621415
3639,0.25053587287403906
3640,0.254766717987834
3641,0.2508824027856794
3642,0.2557882179023714
3643,0.2454241320433827
3644,0.24635071081545062
3645,0.26034854836503885
3646,0.2466643582688471
3647,0.24295306625618357
3648,0.2468395288712324
3649,0.25181628100090686
3650,0.24934984951330913
3651,0.24497117529166043
3652,0.2511811278450006
3653,0.2439170484788992
3654,0.25721182961938666
3655,0.2504573931525263
3656,0.24868204983609155
3657,0.25045669927970304
3658,0.2461101328696575
3659,0.2514171301648615
3660,0.24528609251795164
3661,0.24712266686026746
3662,0.24298276375722377
3663,0.24286377349476296
3664,0.24864281155082396
3665,0.2480859122261811
3666,0.2531201483770254
3667,0.24917526361882836
3668,0.24854194523234416
3669,0.24205714319009103
3670,0.2517819273320908
3671,0.24771204309799127
3672,0.25347253231590045
3673,0.24829152415940156
3674,0.24865349518015833
3675,0.24732189785902253
3676,0.24449587494596367
3677,0.254242801142682
3678,0.25022654732775934
3679,0.25282192511749324
3680,0.2506689747466315
3681,0.2472370110368173
3682,0.24778445032795837
3683,0.24447851372555376
3684,0.25188070049962485
3685,0.24774160073785928
3686,0.2475194568995795
3687,0.24640661225755567
3688,0.25254604520094803
3689,0.25133888423269457
3690,0.25493979939804895
3691,0.248522336248319
3692,0.25194544013643655
3693,0.2489515843952256
3694,0.24658414087035224
3695,0.2484363871459424
3696,0.24056411673953043
3697,0.2470775507079907
3698,0.2518502331000627
3699,0.24877043721435707
3700,0.24970125771635382
3701,0.2534561246728991
3702,0.2527657161544938
3703,0.2489782902797636
3704,0.2517636447514671
3705,0.2558711829157624
3706,0.25278439512680545
3707,0.25195744972603024
3708,0.24979280921934202
3709,0.2548125124369116
3710,0.24083340351714883
3711,0.25143165502017395
3712,0.24471775151003572
3713,0.2513530957734971
3714,0.2479505396722241
3715,0.24301864961135536
3716,0.24778235756476025
3717,0.24933932139273177
3718,0.25008349431938415
3719,0.2529591915934248
3720,0.251501037406129
3721,0.25215095852923103
3722,0.254332852951629
3723,0.2451975516158179
3724,0.2462652478000806
3725,0.25104424786468194
3726,0.25464540218314424
3727,0.25222065222579343
3728,0.25240898039466775
3729,0.24994008654734298
3730,0.24427359543726088
3731,0.2498377965605206
3732,0.24355572643773862
3733,0.25079706246524214
3734,0.2517856710421402
3735,0.2530103884779074
3736,0.247952554243123
3737,0.24380272146858883
3738,0.25291212102046745
3739,0.25289462063301493
3740,0.24361101997782392
3741,0.2514318525937303
3742,0.24582615930542234
3743,0.24844123370539975
3744,0.251346637359876
3745,0.24274640548451604
3746,0.2504013524227865
3747,0.2499532009250496
3748,0.2547281652043341
3749,0.2518941474987435
3750,0.24673452841369328
3751,0.2486622413951995
3752,0.24846786547064145
3753,0.2522040608387076
3754,0.24253462682519425
3755,0.25256143729820985
3756,0.2529111039560731
3757,0.252465294150125
3758,0.25366559274344697
3759,0.249166127369449
3760,0.24630683741585976
3761,0.24829954589365566
3762,0.25502885006426584
3763,0.25105582420806305
3764,0.25160881506292443
3765,0.2468274536280523
3766,0.2455952193666919
3767,0.2479801565662229
3768,0.252730678922615
3769,0.24555478494257804
3770,0.24453700918020038
3771,0.24917282592976564
3772,0.24324698148017657
3773,0.2537787539066896
3774,0.2443081600428712
3775,0.2502228758958015
3776,0.2433933267925614
3777,0.25159593402161834
3778,0.24677620526794314
3779,0.24870657993564776
3780,0.25292208185036735
3781,0.24756452081690233
3782,0.25414949422293465
3783,0.24267336756517538
3784,0.24958416643324757
3785,0.25403070916885034
3786,0.2438519822064455
3787,0.2512262642492967
3788,0.25317990274028246
3789,0.24423810295423498
3790,0.25435975698326085
3791,0.2537607344326164
3792,0.251214321848112
3793,0.24972919468786037
3794,0.24690423980648257
3795,0.2496768368048082
3796,0.244752834531229
3797,0.2505104808310978
3798,0.250413204434523
3799,0.2527209774747505
3800,0.24434919555870976
3801,0.2511129701788611
3802,0.25271896362107316
3803,0.25446173259678795
3804,0.2530834849341573
3805,0.24951035855018736
3806,0.25114792477670383
3807,0.2488277984753965
3808,0.25103836817956005
3809,0.2526035171686528
3810,0.2462993954688902
3811,0.2526602521168578
3812,0.2478553079230803
3813,0.253251727419735
3814,0.25024566516739793
3815,0.2539715405070854
3816,0.2472372423462232
3817,0.2442072568144723
3818,0.2494195503265486
3819,0.2441416009954191
3820,0.24487809698328666
3821,0.24777623140789556
3822,0.25228126372604304
3823,0.24885448486724238
3824,0.24652341373645253
3825,0.24936734099827423
3826,0.2571705162224084
3827,0.2457210613255899
3828,0.2494702722162045
3829,0.24437726116244862
3830,0.24979898627829578
3831,0.2559559515268774
3832,0.24521804378247058
3833,0.24701075766494476
3834,0.24804891710009408
3835,0.2570156814995776
3836,0.24516052917642886
3837,0.24825718448275547
3838,0.2512067112247406
3839,0.25308286232274596
3840,0.24644922586861645
3841,0.2487510162072712
3842,0.24657002452539045
3843,0.25370712193900646
3844,0.24943347005923913
3845,0.2529497177466189
3846,0.2541960969339103
3847,0.24916905911617712
3848,0.24782067782658154
3849,0.2506670358367756
3850,0.2502270904561123
3851,0.2441117664195286
3852,0.24751657430839
3853,0.24275651746972582
3854,0.24859944999078132
3855,0.2522765239629461
3856,0.25093252634684066
3857,0.251085714355675
3858,0.24800670935674612
3859,0.2501862595099151
3860,0.25112124429906557
3861,0.24187900388895275
3862,0.2450591832355957
3863,0.25037655498382483
3864,0.24718262162550858
3865,0.25243794161244343
3866,0.25272392953869577
3867,0.2507848956855388
3868,0.2465538818301443
3869,0.25270893723508714
3870,0.24529458414118205
3871,0.24667903433486388
3872,0.25424854174905104
3873,0.24896774701994126
3874,0.25121733269995405
3875,0.2502053398107026
3876,0.24955325110117327
3877,0.2487521890083181
3878,0.24579235076886186
3879,0.24869798941515342
3880,0.24010648204935814
3881,0.24736930989068162
3882,0.25181782218620996
3883,0.24636577431527348
3884,0.24953823723577226
3885,0.2507032915938181
3886,0.2471994485548552
3887,0.24517038005899075
3888,0.24738106594724993
3889,0.2466907630781301
3890,0.24769115597001579
3891,0.2475783936132033
3892,0.25123288394219834
3893,0.2495351702553985
3894,0.24683816733391875
3895,0.252611724488196
3896,0.25224007650444913
3897,0.251520042948885
3898,0.24363496879453284
3899,0.25747601869617254
3900,0.25404265287980804
3901,0.2494900546114616
3902,0.24737324620519702
3903,0.24321795107008926
3904,0.24901886164196763
3905,0.24267579497678013
3906,0.2458753818887846
3907,0.24799836035791797
3908,0.2496493586722039
3909,0.2532027104878914
3910,0.2587850409119702
3911,0.24998249167845743
3912,0.2442782953904486
3913,0.2494719639180822
3914,0.24856047982733856
3915,0.2492907791983626
3916,0.2441240089508511
3917,0.24946289819387932
3918,0.2491123260743746
3919,0.2545434866967434
3920,0.24841992936017934
3921,0.25619577293738655
3922,0.2535568358282637
3923,0.24909576142705345
3924,0.2550722576709753
3925,0.24755008123826366
3926,0.2529491060415976
3927,0.2525858406067385
3928,0.2507373401564819
3929,0.2503612705074485
3930,0.2530047585782038
3931,0.24965222695503822
3932,0.25013666393786194
3933,0.24769452669137432
3934,0.24898225390758105
3935,0.24896909946897766
3936,0.2540598578552256
3937,0.251481700365944
3938,0.2559775280017279
3939,0.24809994133267216
3940,0.2502780189193121
3941,0.2503660237122698
3942,0.25528254169363584
3943,0.24359351056729192
3944,0.2550494470233763
3945,0.24989295914192103
3946,0.24274074239940852
3947,0.24064702068067792
3948,0.24353722414822868
3949,0.24749224139464246
3950,0.2434013378062154
3951,0.2562865176319338
3952,0.2547449241305499
3953,0.24901098140120864
3954,0.2530107296140592
3955,0.2521929357225005
3956,0.2521334218705947
3957,0.2516874539784495
3958,0.24754997943408558
3959,0.24933665036726851
3960,0.24542716881046428
3961,0.2474253712601885
3962,0.2587582879052528
3963,0.25182993654516955
3964,0.25061928089295765
3965,0.2552034913446781
3966,0.24815977227899755
3967,0.2394803438361579
3968,0.24888964591803694
3969,0.2536288307027728
3970,0.247071768408402
3971,0.24766220308118994
3972,0.254422621425098
3973,0.25067811617398317
3974,0.24733435404826357
3975,0.2528242539964897
3976,0.24936876586908632
3977,0.25429216168081414
3978,0.2509450326788434
3979,0.25040760884420643
3980,0.258313808455117
3981,0.2556301622575351
3982,0.24450964246455903
3983,0.2518182961222514
3984,0.25163320366898556
3985,0.2506727091341434
3986,0.25191265623389286
3987,0.2504711911354014
3988,0.258395057095966
3989,0.24982582615190407
3990,0.24585351442054404
3991,0.251757612200226
3992,0.2434134286969802
3993,0.25036708856988127
3994,0.2503501839334833
3995,0.2446965404773456
3996,0.2538592223582701
3997,0.2499528973144602
3998,0.24811671073542452
3999,0.25347170210446235
4000,0.2522316648010545
4001,0.24993003178926948
4002,0.24481178291057015
4003,0.2517672589562887
4004,0.25220118119653806
4005,0.24591840079402072
4006,0.24525424024327652
4007,0.25139329060136095
4008,0.2439889256506579
4009,0.2516528246412781
4010,0.2503842787938015
4011,0.24972815972099108
4012,0.25473047624605333
4013,0.25269796969673725
4014,0.2505763056427381
4015,0.25399396327773616
4016,0.2498722556374377
4017,0.25511456452046904
4018,0.25122535827931547
4019,0.24909879177158756
4020,0.24454086840330772
4021,0.24717710282021804
4022,0.24692693003713098
4023,0.2482076830246657
4024,0.24862758423638623
4025,0.24677495034120006
4026,0.2438434787807377
4027,0.2511943712847929
4028,0.25708206034596087
4029,0.24442875173835366
4030,0.24142153516098208
4031,0.24624460442272364
4032,0.2559366880976488
4033,0.24850224810817445
4034,0.2556525969512554
4035,0.246471688677072
4036,0.24885642876928069
4037,0.25133477262363685
4038,0.2473612569980181
4039,0.24375080008022723
4040,0.249180598106497
4041,0.2452874407341331
4042,0.25011129794055553
4043,0.24669204897749272
4044,0.24516491088812203
4045,0.25139597430922117
4046,0.2517502147097061
4047,0.24870952449516828
4048,0.2545340392671522
4049,0.24714691801989858
4050,0.2511790693911895
4051,0.25974984336175927
4052,0.24987959332338122
4053,0.2434738683046527
4054,0.24955534135212895
4055,0.24947085849123418
4056,0.25097332903461855
4057,0.24984311470647483
4058,0.24908727183081764
4059,0.2511476192597121
4060,0.245882637126482
4061,0.24893870386225928
4062,0.2471834169540221
4063,0.2564677850508871
4064,0.24996353595591314
4065,0.24822066637848977
4066,0.24915856739717906
4067,0.250151853791935
4068,0.25398430352309126
4069,0.25062974920895864
4070,0.24514021122244123
4071,0.25460462561256364
4072,0.2471198957771765
4073,0.2548669235958026
4074,0.250043839074224
4075,0.2526278374784898
4076,0.2482989323053239
4077,0.2486875706683766
4078,0.2507585729598462
4079,0.2526948928687589
4080,0.24486247010309134
4081,0.2599394662020882
4082,0.24788079767410476
4083,0.24899890192517365
4084,0.24424667941736175
4085,0.24674591663645096
4086,0.24812269836398188
4087,0.25300133492776167
4088,0.24749930844651877
4089,0.25124060106247215
4090,0.2463124277630064
4091,0.24237725713507097
4092,0.24207584041051952
4093,0.25386136886815275
4094,0.2552512159546117
4095,0.24912373291682885
4096,0.2482433129541216
4097,0.2481228272956722
4098,0.24688666638161116
4099,0.25398432968931833
4100,0.2502579042903906
4101,0.25321456475451803
4102,0.25254108112453016
4103,0.25231228288929003
4104,0.2554496050762114
4105,0.2479555585189303
4106,0.2525860777328518
4107,0.24732990912366407
4108,0.2530080124767315
4109,0.24671573323419405
4110,0.24558951955745512
4111,0.2464365174792148
4112,0.2516814510248573
4113,0.24931476006956838
4114,0.24717434731951418
4115,0.25279335974095996
4116,0.24829402336385004
4117,0.25241648555454355
4118,0.2480765715929502
4119,0.25327876429336216
4120,0.2486206784637904
4121,0.24893325109830272
4122,0.24713857659069285
4123,0.24878250658543527
4124,0.2502957207254283
4125,0.2504282431332862
4126,0.24500301615160575
4127,0.2455733335297423
4128,0.25243123026242636
4129,0.24833142624096025
4130,0.2545921676052098
4131,0.25241929227988646
4132,0.2552750890681719
4133,0.2420315349117911
4134,0.24623068790620842
4135,0.24694709172303425
4136,0.2548383588580045
4137,0.2605794551414572
4138,0.24757884911533798
4139,0.2394238694170634
4140,0.24732729845322282
4141,0.2509126261836354
4142,0.25318198799905584
4143,0.2485189766353082
4144,0.25030529600483253
4145,0.253986952162237
4146,0.25068752984463294
4147,0.24677674448599107
4148,0.25548767472172457
4149,0.2494963758065483
4150,0.25770063801335374
4151,0.24736081530226345
4152,0.249609488645142
4153,0.25117182469522636
4154,0.2504663952270455
4155,0.24545322421984328
4156,0.25267349491791485
4157,0.25347829896790436
4158,0.2472209502162797
4159,0.25234328893336255
4160,0.2501387338064028
4161,0.25329392683413315
4162,0.24840032012516655
4163,0.2453344646378564
4164,0.24502377888712792
4165,0.2512547279422441
4166,0.24763267193009897
4167,0.2491814926617485
4168,0.2513768811402468
4169,0.2592669977952899
4170,0.24946880779283545
4171,0.24937286555507449
4172,0.2462886367099447
4173,0.24809678981186006
4174,0.26147666461525215
4175,0.24975663395567277
4176,0.24836423412003847
4177,0.2566454566758335
4178,0.24270649867793048
4179,0.2511299575144927
4180,0.24396906446647215
4181,0.2526182332955664
4182,0.25042783859843826
4183,0.24723613749291265
4184,0.24925078357637798
4185,0.25032859282772774
4186,0.25391709761624753
4187,0.24614815028021678
4188,0.24776691790217692
4189,0.24893744419432146
4190,0.24224105848886274
4191,0.2450116999846304
4192,0.24839878342370594
4193,0.25135899205132106
4194,0.25166532473652325
4195,0.2538535454667824
4196,0.24859607669198264
4197,0.24787818095269581
4198,0.2454329219134404
4199,0.2540517890639898
4200,0.25258299069261314
4201,0.2465745536678784
4202,0.24650763792989971
4203,0.25221043728933057
4204,0.24653628923513077
4205,0.24783689898820643
4206,0.24586099063479488
4207,0.24341482631968792
4208,0.2521287621640935
4209,0.25154557536133837
4210,0.25266562609188564
4211,0.24597751689828176
4212,0.24946450045142604
4213,0.2531260604328294
4214,0.25687779165983143
4215,0.24691114739719114
4216,0.2481015778996059
4217,0.249591331216299
4218,0.2489172258548194
4219,0.25194472550325403
4220,0.2461451261955322
4221,0.25107750243169713
4222,0.25624648132012035
4223,0.24826483668567834
4224,0.2509037741173511
4225,0.2481446043744645
4226,0.24422375857143713
4227,0.2502664360881859
4228,0.2526061713083208
4229,0.2533010498033727
4230,0.24390688244062275
4231,0.2509387495176589
4232,0.2532233355196313
4233,0.24836573342633209
4234,0.24331341672917103
4235,0.24527180679265517
4236,0.24265929897132502
4237,0.24398455742279482
4238,0.24707700076934264
4239,0.25502623133895425
4240,0.25273573157036844
4241,0.24683513807126195
4242,0.25355292646239475
4243,0.2535644963601365
4244,0.24261443943785366
4245,0.25318588740365205
4246,0.25240818115584923
4247,0.24701864938563123
4248,0.25511599978933125
4249,0.25271875387345966
4250,0.2458698230225973
4251,0.24621059700283388
4252,0.25224570640415267
4253,0.2546502055959249
4254,0.25080136205123926
4255,0.24621997597634895
4256,0.2469023714771976
4257,0.2512842793453545
4258,0.2529517266081138
4259,0.2507218726722567
4260,0.24509366825084428
4261,0.25231091308822423
4262,0.25652088363584846
4263,0.24864398170923308
4264,0.25019479409403234
4265,0.2522074634126053
4266,0.246079023688542
4267,0.2534414238941123
4268,0.25737822648454683
4269,0.2507921641791707
4270,0.249103108709614
4271,0.2563954715471358
4272,0.25238791582456316
4273,0.24884733573177573
4274,0.2570623624911421
4275,0.2504339417400535
4276,0.2538048696710905
4277,0.25780086660426915
4278,0.248119636101711
4279,0.2537672175590075
4280,0.24800953897674624
4281,0.25181414817681197
4282,0.2530795657858814
4283,0.24733096231555823
4284,0.25737177760234503
4285,0.24431407974678415
4286,0.25061968397434853
4287,0.2549784097150672
4288,0.25207313820845656
4289,0.24478000684738355
4290,0.25554753903231975
4291,0.24762986596408348
4292,0.24803673657920833
4293,0.25330381520015166
4294,0.2498115956267493
4295,0.24639726513657967
4296,0.25082102515352883
4297,0.2568808852593776
4298,0.25277954447125317
4299,0.25143600493472257
4300,0.24570228382066997
4301,0.25245127891521163
4302,0.2535022945906074
4303,0.25121697805688026
4304,0.24573138153975843
4305,0.24452464560935994
4306,0.2534693457263739
4307,0.24712303972836613
4308,0.24597709722418887
4309,0.2515621604885746
4310,0.2485032665475394
4311,0.2459947030099392
4312,0.24583590932892335
4313,0.2508355948663273
4314,0.25137176333107897
4315,0.24448914537092176
4316,0.24748043625409788
4317,0.24373707258042285
4318,0.2503850851492972
4319,0.2521658574551117
4320,0.24554096210324883
4321,0.2490607192260843
4322,0.24861463620862886
4323,0.24628815320037822
4324,0.2483296919007456
4325,0.2475670709234398
4326,0.25377859897147015
4327,0.2523025513418014
4328,0.2476931100191167
4329,0.25594186116235285
4330,0.24693607706250498
4331,0.25189291017501736
4332,0.24292719638998783
4333,0.24647740747066105
4334,0.24629466951217333
4335,0.25576081055229577
4336,0.24761673053292427
4337,0.250138505074437
4338,0.2530821970729978
4339,0.24799069174808297
4340,0.2571396487066432
4341,0.2512973768078092
4342,0.2455794559620919
4343,0.25300449181233586
4344,0.2516167742132043
4345,0.24949924339525292
4346,0.2526691005238247
4347,0.2480758160189514
4348,0.2543315600561814
4349,0.24884817887659832
4350,0.25409525148309325
4351,0.25389151872035004
4352,0.25339521745423244
4353,0.24488941967305017
4354,0.24597817515194498
4355,0.2522483581942761
4356,0.2512564698520813
4357,0.24685925903153555
4358,0.24739501311383477
4359,0.2568249279230012
4360,0.24146355032295602
4361,0.25120549079317445
4362,0.24866150120163
4363,0.25359725018614804
4364,0.247610496940964
4365,0.24531674877437265
4366,0.24589975504921877
4367,0.26064016536010504
4368,0.24701577480084164
4369,0.24483384480138948
4370,0.24924873529272146
4371,0.24731918810552744
4372,0.24298281707405503
4373,0.25139954481692045
4374,0.25038819352343256
4375,0.25346304558473975
4376,0.24819809569179646
4377,0.2515740036630214
4378,0.24819800364693334
4379,0.2555320340225321
4380,0.24165055758895096
4381,0.2532225407646553
4382,0.2471715113975588
4383,0.25180483543042076
4384,0.24599447503730082
4385,0.2482051715809624
4386,0.2439620293744384
4387,0.24977360937459941
4388,0.2532487573881171
4389,0.2582153646212573
4390,0.24985497187309152
4391,0.25035416136768085
4392,0.24892684043579305
4393,0.24584067325434475
4394,0.24948719825169688
4395,0.24712491259688812
4396,0.25263859993885857
4397,0.24854542647457828
4398,0.25160828226742393
4399,0.24831448488043306
4400,0.2553774331311529
4401,0.24605753369283484
4402,0.2522301575535587
4403,0.25226659038115057
4404,0.24864644791406743
4405,0.25243811502367536
4406,0.24244129689019744
4407,0.24700762703488732
4408,0.24857789213562742
4409,0.25328855116158466
4410,0.24242816661391853
4411,0.24735277900230196
4412,0.2524420100748245
4413,0.24685232670496504
4414,0.24333579577960757
4415,0.24762460193639363
4416,0.2452691589128368
4417,0.24992179639709683
4418,0.24560216966093507
4419,0.2470695340311166
4420,0.24326677731715807
4421,0.25356139758261814
4422,0.24360636839139083
4423,0.25150263448570354
4424,0.24760780333702875
4425,0.2468935072368561
4426,0.2516772947504681
4427,0.2530720869289927
4428,0.2476371951352873
4429,0.2487769947762297
4430,0.24615858870547555
4431,0.24792296353844323
4432,0.2521849748516082
4433,0.25171087089574534
4434,0.25001419564934235
4435,0.25087648043912864
4436,0.25110099813792164
4437,0.24811566232683094
4438,0.24984982644423953
4439,0.25443294440249653
4440,0.25040183853288506
4441,0.25032479138220226
4442,0.255513134073667
4443,0.25345269163472167
4444,0.25197859105806897
4445,0.25334820257358864
4446,0.24487831411473276
4447,0.24270626875678392
4448,0.25016803855198055
4449,0.25204916157010576
4450,0.24706899898072593
4451,0.25427810822620867
4452,0.24690525496447452
4453,0.2562653464512586
4454,0.24931140137858288
4455,0.250870208370124
4456,0.25019149553017317
4457,0.254634509822876
4458,0.24712816353022804
4459,0.2547747740314752
4460,0.24729794204622868
4461,0.2524545710334314
4462,0.2584044847818776
4463,0.24433772028327128
4464,0.2511143106396302
4465,0.251467017997972
4466,0.25052766240351826
4467,0.24189393657377486
4468,0.25102225954271334
4469,0.2495950613057583
4470,0.25081038386943805
4471,0.24520576466377886
4472,0.2479075124611301
4473,0.24227982095477849
4474,0.25163824023237685
4475,0.25497677818242154
4476,0.25295105121130307
4477,0.24526048543575654
4478,0.24521938992955172
4479,0.24790867769255456
4480,0.24809700195112386
4481,0.24915153520513536
4482,0.24719971665358803
4483,0.24799835644761298
4484,0.2565916917592465
4485,0.2503988151844359
4486,0.24573389606924173
4487,0.251517144201771
4488,0.24709076626094342
4489,0.2460215428835475
4490,0.24354470848254758
4491,0.25476222833270534
4492,0.25363982910007415
4493,0.24991512510797653
4494,0.246699791706624
4495,0.24893914845800397
4496,0.2582811119768339
4497,0.25410695037772296
4498,0.2543292512434145
4499,0.24740633051195796
4500,0.24586375729924098
4501,0.2544623304723373
4502,0.2556643849255605
4503,0.2486884315298843
4504,0.24503989300140483
4505,0.24999486926455972
4506,0.2442971085376205
4507,0.2517435155337462
4508,0.24515989584441744
4509,0.24303331658909488
4510,0.2503661487988528
4511,0.24745765524625357
4512,0.23928277229899383
4513,0.2523993764690965
4514,0.24845207438115963
4515,0.2531575766841273
4516,0.24816876917554453
4517,0.2545996621096832
4518,0.24304398645415493
4519,0.24781688906345306
4520,0.2520078900752289
4521,0.24664889980770144
4522,0.25868759879437814
4523,0.2437173484710874
4524,0.2533584016114792
4525,0.25364740497091637
4526,0.24616976037032462
4527,0.2444054305252384
4528,0.2496432416751787
4529,0.24919597727037424
4530,0.24767898352709233
4531,0.24800818065560792
4532,0.25135999510045354
4533,0.25509964476903146
4534,0.2512279521060672
4535,0.24516754286936815
4536,0.24488056553766546
4537,0.24815422355987285
4538,0.2475324192420567
4539,0.2474942138545581
4540,0.256217926849977
4541,0.2533819043789864
4542,0.24560572148374013
4543,0.24929328673176088
4544,0.24909126925968236
4545,0.24046408944668649
4546,0.2496397948075294
4547,0.2567285403301681
4548,0.2515893242899894
4549,0.25195268062263665
4550,0.25105951777535085
4551,0.24603428634166358
4552,0.25096694517707113
4553,0.25493016147927594
4554,0.24872201626146362
4555,0.24682603253714985
4556,0.24674161774458359
4557,0.24933657882541244
4558,0.2520887066169404
4559,0.25048315618025585
4560,0.2405930073115375
4561,0.24959876679611565
4562,0.2544223965382395
4563,0.24778652688620212
4564,0.2507863073656141
4565,0.24655366502124812
4566,0.24788069732338375
4567,0.24665243172412893
4568,0.24380159572452365
4569,0.24998196829378408
4570,0.24510407431522407
4571,0.24690761379941095
4572,0.24744199847531603
4573,0.24437349062434496
4574,0.24528132090231558
4575,0.24425536640136403
4576,0.2492178854936413
4577,0.2521901301996271
4578,0.2525284476789499
4579,0.25488643172076697
4580,0.2560360380872796
4581,0.24578181489287215
4582,0.2510857713739295
4583,0.24663578078345433
4584,0.24748337512730637
4585,0.2521240144597944
4586,0.25230823865443114
4587,0.243873799401529
4588,0.2501321704376259
4589,0.2515985819014367
4590,0.2549172529388778
4591,0.25032441756898627
4592,0.24846505982717593
4593,0.25194193146030813
4594,0.25700867183753556
4595,0.24346119663938035
4596,0.24833067463266095
4597,0.25203894278853556
4598,0.25005521160729116
4599,0.2440907348490381
4600,0.2537360005227462
4601,0.2510286222521539
4602,0.24437160167146077
4603,0.25606643811264285
4604,0.24258444528020323
4605,0.2523147147195396
4606,0.2498913486206222
4607,0.2442782789835365
4608,0.24974617938085414
4609,0.2450193355948513
4610,0.24929552483356143
4611,0.24723551872660865
4612,0.244951595462142
4613,0.2570036256775272
4614,0.24111404526692318
4615,0.2524129364528628
4616,0.2483832428368641
4617,0.2503051371824
4618,0.2508273715276196
4619,0.25192067373529203
4620,0.24491098737580866
4621,0.24841179043151462
4622,0.2515197406059629
4623,0.25465892873051893
4624,0.25155024043160157
4625,0.2515166047327355
4626,0.2520717252607141
4627,0.24920188238548788
4628,0.2490625164566553
4629,0.25265126145706834
4630,0.24479857196205215
4631,0.24687604987548814
4632,0.25102753447679316
4633,0.2463335648852821
4634,0.24978353223579486
4635,0.24502199104429218
4636,0.25016084514585407
4637,0.2513505324110252
4638,0.24605334393358363
4639,0.24874018832121175
4640,0.25129593194232996
4641,0.2466056194513296
4642,0.2512485923976442
4643,0.2546780923594721
4644,0.24213348213013883
4645,0.24214727544338152
4646,0.2505470922248018
4647,0.24684678252507736
4648,0.24759950448096227
4649,0.24774873012964635
4650,0.2508019241639445
4651,0.24515729242104872
4652,0.2566325112255163
4653,0.25020849612173923
4654,0.2544485742478796
4655,0.24810159764328557
4656,0.2429622404321617
4657,0.2534313221211628
4658,0.2538371121658938
4659,0.2471162541938551
4660,0.25057812376406374
4661,0.25120200052786085
4662,0.2480050931070295
4663,0.24771154702662004
4664,0.2450537977154426
4665,0.249023508623966
4666,0.2532444190740881
4667,0.24232452530204282
4668,0.2487053728252138
4669,0.24534042937175649
4670,0.2461484328794594
4671,0.25057082556547944
4672,0.2529338189225834
4673,0.25241142182153437
4674,0.2502348149602187
4675,0.2511027329864761
4676,0.2518930669935473
4677,0.25460493319865574
4678,0.24974060026264738
4679,0.25218364895654644
4680,0.25062370310868975
4681,0.24763705163788957
4682,0.24915884488364712
4683,0.24601602217185461
4684,0.25000574862624575
4685,0.24293491078913743
4686,0.24956140201810528
4687,0.24371032240213317
4688,0.24521529679650642
4689,0.24586789495393366
4690,0.25135573923467064
4691,0.24794234951892044
4692,0.24914801953292207
4693,0.25240204119260445
4694,0.24254371083961973
4695,0.253078569547044
4696,0.24943624056879257
4697,0.2547090356989781
4698,0.2486168743756271
4699,0.24400706521913174
4700,0.25528194633032897
4701,0.24823372807810035
4702,0.24634125305300686
4703,0.24856367916445973
4704,0.24793912988767403
4705,0.25014838435217834
4706,0.24414355573864965
4707,0.24885533790814007
4708,0.2462816268621127
4709,0.24609068273115678
4710,0.24854234226276736
4711,0.24702262449337622
4712,0.2518531852292057
4713,0.2553944768693957
4714,0.2511270675394706
4715,0.24913922441969444
4716,0.25165500306889765
4717,0.2500515440856383
4718,0.2493023351039344
4719,0.2553807766598015
4720,0.25039649495693916
4721,0.2483308152300686
4722,0.25311224712491953
4723,0.25508643363472355
4724,0.25181346451624903
4725,0.2530833310808151
4726,0.24412519128331736
4727,0.25592474714992114
4728,0.25074311065359317
4729,0.2561064973191135
4730,0.24501357082615788
4731,0.24754890774308705
4732,0.24508277305578363
4733,0.24940207897301075
4734,0.2566735347530875
4735,0.2527877717202659
4736,0.24296027551877658
4737,0.24508439922466724
4738,0.24881524823738965
4739,0.24980637286242574
4740,0.2416239610782136
4741,0.241516690786927
4742,0.25400623664491817
4743,0.24505925496324168
4744,0.24649172838526415
4745,0.25061529752146056
4746,0.2501310454528881
4747,0.24595566993304818
4748,0.24769718547758268
4749,0.2447882638013486
4750,0.24409025845614876
4751,0.2493780126393413
4752,0.25185456625921143
4753,0.24874858368289193
4754,0.2550520559893729
4755,0.25079865954481667
4756,0.2471120118119024
4757,0.24497698175357355
4758,0.2469258773956824
4759,0.2465349379100774
4760,0.25508262777055324
4761,0.24770444363836214
4762,0.2498833591266548
4763,0.25145943720014513
4764,0.25348434003388515
4765,0.24886370614230802
4766,0.25417143415505666
4767,0.2457894881071419
4768,0.2521277150883648
4769,0.24479325899407015
4770,0.24661699014319213
4771,0.2542439174107224
4772,0.24894236569760012
4773,0.25545532082612626
4774,0.252873915124629
4775,0.24829977078051413
4776,0.24766607832346174
4777,0.24800017841404592
4778,0.24929844212188562
4779,0.24546384569505675
4780,0.2467120225006668
4781,0.23937260163582452
4782,0.2546511069614714
4783,0.253884788320783
4784,0.25094371384506436
4785,0.25304996474834907
4786,0.24140337458116143
4787,0.2542886948184976
4788,0.24530930505139603
4789,0.24229780043315258
4790,0.24664021832422128
4791,0.2486852930792168
4792,0.24392400735944447
4793,0.2502640905512897
4794,0.24580897388789455
4795,0.25170175054493826
4796,0.2494239482593641
4797,0.2561916928092882
4798,0.25309134158612934
4799,0.25056912111600704
4800,0.2504164623639479
4801,0.24556530530774306
4802,0.24441699101215297
4803,0.25902525153229244
4804,0.2516674477782112
4805,0.25142672134283806
4806,0.25417467797171944
4807,0.2511243833232706
4808,0.24695912805239256
4809,0.24688149198404225
4810,0.2552606393424707
4811,0.24619831238362005
4812,0.24161077214443322
4813,0.2490894720291114
4814,0.24520213329271778
4815,0.25112019998656687
4816,0.2453112770260638
4817,0.24985333139585278
4818,0.24896444215412686
4819,0.2611496105230917
4820,0.2525291838970166
4821,0.25010531139387554
4822,0.25383011870188193
4823,0.24833110358082092
4824,0.2484484678665527
4825,0.2565974092851684
4826,0.2506337191387314
4827,0.24936019262213494
4828,0.24512280243670975
4829,0.2481878631690439
4830,0.24778045680939864
4831,0.25176641405855105
4832,0.2568375970108334
4833,0.25128673356192155
4834,0.2537311068832152
4835,0.24719574602968558
4836,0.24511820019160524
4837,0.2531718155382319
4838,0.25260721963842797
4839,0.25202227836403085
4840,0.25233395329231406
4841,0.24255963382597967
4842,0.24823181351635867
4843,0.24634435850406025
4844,0.2432120326338435
4845,0.24359961055792953
4846,0.25034443966779685
4847,0.2543058370893487
4848,0.2488969567990182
4849,0.2517081962109647
4850,0.2537135225519538
4851,0.24156428455876786
4852,0.2519400060573742
4853,0.2547240763041438
4854,0.2506507044052627
4855,0.25293255483600074
4856,0.2579614887394631
4857,0.24850303901804316
4858,0.24579276881063183
4859,0.24829519483203202
4860,0.2513369600743359
4861,0.2489127882488548
4862,0.24126968825165201
4863,0.25020691726718963
4864,0.24287303874103033
4865,0.24971878093326583
4866,0.24575188829521047
4867,0.24653049791246254
4868,0.2563325179835176
4869,0.2564914338511263
4870,0.25287571935128494
4871,0.25024431075656467
4872,0.2616028151769219
4873,0.24878571089164686
4874,0.25080469340583067
4875,0.2468621299570077
4876,0.2513571502206163
4877,0.2531862977552074
4878,0.24954820432552174
4879,0.23953652164074796
4880,0.2522660930421121
4881,0.24318721563699203
4882,0.2514695192715207
4883,0.2531882215258185
4884,0.24691512174560876
4885,0.2461019560143941
4886,0.24813622748879674
4887,0.2545859065793552
4888,0.2505996648476498
4889,0.24489212678390743
4890,0.24616950577851385
4891,0.25295582880634443
4892,0.2541392011362783
4893,0.2542240601368417
4894,0.256629738073325
4895,0.2456461973437214
4896,0.24745134994973916
4897,0.24621950148986202
4898,0.25258308795755424
4899,0.24497103412071522
4900,0.2484421118537391
4901,0.25226149111319285
4902,0.2529159957543994
4903,0.25124235811155415
4904,0.24741378438199713
4905,0.2613407929826304
4906,0.254289635922391
4907,0.2513324398343353
4908,0.25050358723255917
4909,0.24903558310781873
4910,0.24443964182063976
4911,0.24817319794421944
4912,0.2429225282108528
4913,0.2501378619600187
4914,0.24986400050158547
4915,0.24654990932293142
4916,0.24889140568824325
4917,0.2436374812970215
4918,0.2509620603979217
4919,0.2566640135919476
4920,0.253870718710253
4921,0.2560063304391768
4922,0.2485534135116977
4923,0.24299591225852757
4924,0.24232649285806576
4925,0.24787896095617454
4926,0.25431394921305106
4927,0.25139342174583573
4928,0.2510000751658431
4929,0.24336688521704342
4930,0.2564382783131081
4931,0.23949298616113363
4932,0.2442268034816787
4933,0.2416054929123008
4934,0.247997488655218
4935,0.2515219246546967
4936,0.24824531514208154
4937,0.2486505836854496
4938,0.24340708333956906
4939,0.25220084951331917
4940,0.2521178578807557
4941,0.2526576824524305
4942,0.24702057430331728
4943,0.2531467448877628
4944,0.24736535013106342
4945,0.2559121262661457
4946,0.25289249171922507
4947,0.25533117775098085
4948,0.25553161289498216
4949,0.25082352480111936
4950,0.24644700668597044
4951,0.25134766526546265
4952,0.24779085082031355
4953,0.2574569692474124
4954,0.24728564286130736
4955,0.252709080247237
4956,0.24870105280140742
4957,0.25267465996354943
4958,0.24911498796945486
4959,0.2467623366392994
4960,0.2547495083427841
4961,0.24866267715365453
4962,0.2449179566122983
4963,0.25349326205180855
4964,0.25514578546703537
4965,0.25251853257316675
4966,0.2582193542947097
4967,0.24346796754298622
4968,0.2476311763483205
4969,0.2553629077675007
4970,0.25424507746417463
4971,0.2469619304796828
4972,0.24976327459472347
4973,0.2521558815511645
4974,0.25031580628813266
4975,0.2525099287315402
4976,0.2505966649673954
4977,0.25063244862960127
4978,0.2455397037029782
4979,0.2541133369985004
4980,0.2513397601682495
4981,0.24894581792901152
4982,0.2456609209750597
4983,0.24915912375837462
4984,0.24740474742455337
4985,0.24752932860769833
4986,0.2507784162836628
4987,0.25533926147950387
4988,0.24440282471021937
4989,0.25070296432924405
4990,0.2547208280919281
4991,0.2479135408447139
4992,0.24809802658514069
4993,0.24894028819423913
4994,0.2518021473039157
4995,0.24624022220269062
4996,0.24663864471284153
4997,0.2530695216832103
4998,0.2542819010202344
4999,0.24574545140127602
5000,0.2404953078158127
